GOBP_OXIDATIVE_PHOSPHORYLATION,GOBP_AEROBIC_RESPIRATION,GOBP_OLIGOSACCHARIDE_BIOSYNTHETIC_PROCESS,GOBP_CARBOHYDRATE_BIOSYNTHETIC_PROCESS,GOBP_REGULATION_OF_GLYCOGEN_METABOLIC_PROCESS,GOBP_MITOCHONDRIAL_GENE_EXPRESSION,GOBP_REGULATION_OF_AEROBIC_RESPIRATION,GOBP_REGULATION_OF_OXIDATIVE_PHOSPHORYLATION,GOBP_NEGATIVE_REGULATION_OF_GLYCOLYTIC_PROCESS,GOBP_POSITIVE_REGULATION_OF_GLYCOLYTIC_PROCESS,GOBP_MITOCHONDRIAL_TRANSCRIPTION,GOBP_REGULATION_OF_MITOCHONDRIAL_GENE_EXPRESSION,GOBP_MITOCHONDRIAL_TRANSLATION,GOCC_MITOCHONDRION,WONG_MITOCHONDRIA_GENE_MODULE,BIOCARTA_MITOCHONDRIA_PATHWAY,WP_MITOCHONDRIAL_GENE_EXPRESSION
UQCRFS1P1,UQCRFS1P1,B3GALT5,MIR1271,MIR1271,TSFM,PPIF,PPIF,FLCN,PRXL2C,MTERF4,TSFM,TSFM,UQCRFS1P1,KARS1,CASP7,PPARGC1B
PPIF,NDUFC2-KCTD14,ST3GAL6,SLC25A13,SORBS1,LRPPRC,PARK7,COX7A1,FBP1,MTOR,PPARGC1B,LRPPRC,LRPPRC,KIF28P,GSR,BIRC3,MYEF2
ATP5PD,PPIF,FUT9,B3GALT5,AKT1,MRPS31,COX7A1,COX7A2,NUPR1,ZBTB20,FOXO3,MALSU1,MRPS31,PET100,NDUFS5,DFFB,POLRMT
ATP5MG,ATP5PD,B4GALNT2,AKR1A1,AKT2,WARS2,COX7A2,COX7A2P2,GIT1,GAPDHS,CHCHD10,FASTKD2,WARS2,PLA2G4B,TUFM,CASP3,PPP3CA
MTCO2P12,ATP5MG,FBP1,B3GNT3,PASK,MRPL28,COX7A2P2,PDE12,SIRT6,GPD1,TFB1M,MRPS27,MRPL28,BCL2L10,NDUFS4,BCL2,TFB2M
UQCR11,MTCO2P12,FUT1,ST3GAL6,GCGR,MRPS30,PDE12,AK4,DDIT4,HIF1A,MTRES1,MTG2,MRPS30,BCL2L11,DCTN6,DIABLO,GABPA
PARK7,ME3,FUT2,FAM3C,GCK,FASTK,AK4,ABCD1,PPARA,HTR2A,POLRMT,TRUB2,MRPL3,TOMM6,CLPP,CASP9,CREB1
NDUFA11,UQCR11,FUT3,SORBS1,GSK3A,MRPL3,ABCD1,NUPR1,TIGAR,IFNG,PRKAA1,RPUSD3,MALSU1,CMC4,ATOX1,XIAP,HCFC1
COX4I1,MTFR2,FUT4,B3GNT2,GSK3B,MALSU1,ISCU,DNAJC15,SLC4A1,IGF1,TWNK,COA3,MRPL54,GLYATL1B,GSTO1,AIFM1,PPRC1
COX5B,PARK7,FUT5,FUT9,IGF1,MRPL53,NUPR1,RHOA,STAT3,APP,THAP11,CHCHD10,CHCHD1,TIMM23,AUH,BIK,MTERF3
COX6A1,COX6B2,FUT6,PTGES3,IGF2,MRPL54,DNAJC15,MIR210,CBFA2T3,INS,TFB2M,TACO1,MRPL52,PET117,MTX2,DFFA,GABPB1
COX6B1,NDUFA11,FUT7,ARPP19,INS,CHCHD1,NOP53,MLXIPL,ACTN3,INSR,METTL4,MTRES1,EARS2,CEBPZOS,FDXR,BAK1,ESRRA
ATPSCKMT,MDH1B,FUT8,PPARGC1A,INSR,MRPL52,HIF1A,ATP7A,NCOR1,ARNT,TFAM,NGRN,MRPL10,NDUFC2-KCTD14,BOP1,APAF1,TFAM
COX6C,COX4I1,B4GALT1,SDS,IRS1,EARS2,IDE,SHMT2,HDAC4,P2RX7,TEFM,CDK5RAP1,MRPL55,ABCB6,DECR1,BID,SP1
COX7A2,COX5B,ST6GALNAC6,B4GAT1,KHK,MRPL10,RHOA,PINK1,,MLXIPL,MTERF1,TRMT10C,MTIF3,DNM1L,UQCR11,CASP8,PPARGC1A
COX7B,COX6A1,LALBA,WDR5,MIR15B,MRPL55,ARL2,SNCA,,PRKAA1,SLC25A33,RMND1,MRPL21,COX17,SFXN2,BAX,TFB1M
COX7C,COX6A2,MGAT2,CHST14,MIR195,MTERF4,MIR210,TNF,,PRKAA2,,PRKAA1,FASTKD2,TIMM23B,NDUFS6,CASP6,MTERF1
COX8A,COX6B1,ST6GALNAC1,C1QTNF3,ENPP1,PPARGC1B,MLXIPL,VCP,,PSEN1,,THAP11,MRPS27,HUWE1,ATP5MC2,BIRC2,CAMK4
COX15,ATPSCKMT,ST3GAL2,ADCYAP1R1,INPP5K,MTIF3,ATP7A,SLC25A23,,RPTOR,,NSUN3,LARS2,CERT1,MRPS18A,ENDOG,NRF1
CYC1,COX6C,ST3GAL4,CLK2,PHKG2,MRPL21,TRPV4,SLC25A33,,MLST8,,SHMT2,PTCD1,PYURF,ATP5MC3,,
DGUOK,COX7A1,ST3GAL3,CLTC,POMC,FASTKD2,SHMT2,UQCC2,,SLC4A4,,METTL4,MTG2,TSFM,ATP5F1E,,
DLD,COX7A2,ST6GALNAC5,B4GALNT2,PPP1CA,FOXO3,PINK1,ACTN3,,,,C1QBP,GARS1,PPIF,GRPEL2,,
PDE12,COX7A2P2,B3GALT4,B3GAT2,PPP1R3A,MRPS27,SNCA,COX7A2L,,,,FASTKD3,MRPL46,LRPPRC,MRPS18C,,
AK4,COX7B,B3GALNT1,CRY1,PPP1R3C,LARS2,BNIP3,,,,,METTL8,TRUB2,TRAP1,DBT,,
C2orf69,COX7C,B3GALT2,SOGA1,PPP1R3D,MTO1,TNF,,,,,RCC1L,GATC,BCAP31,PDHB,,
ABCD1,COX8A,B3GALT1,SERPINA12,SELENOS,PTCD1,VCP,,,,,UQCC2,RPUSD3,AASS,ACADSB,,
ISCU,COX10,FBP2,SLC25A10,PTH,MTG2,SLC25A23,,,,,MPV17L2,MRPS28,SLC25A13,CYB5A,,
AFG1L,COX15,MPDU1,SIK1,PPP1R3G,GARS1,SLC25A33,,,,,RPUSD4,COA3,SLC25A15,COQ3,,
NIPSNAP2,CS,,ERFE,PHLDA2,MRPL46,UQCC2,,,,,ALKBH1,MRPS18B,PIGBOS1,GIMAP5,,
GHITM,CYC1,,AP2A1,PPP1R3B,TRUB2,CBFA2T3,,,,,MTG1,MRPL42,NME6,MRPS28,,
UQCRQ,ADSL,,DGKQ,RUBCNL,GATC,ACTN3,,,,,,MRPL13,DHRS2,ATP6V1C1,,
DNAJC15,COX7B2,,DDB1,DYRK2,RPUSD3,COX7A2L,,,,,,MRPL18,COQ7,MRPS30,,
UQCR10,DGUOK,,CHST13,IRS2,MRPS28,,,,,,,MRPL15,MRPS31,HAX1,,
STOML2,DLAT,,AGL,PPP1R3F,COA3,,,,,,,MRPL22,TIMM17B,AK2,,
NDUFS7,DLD,,B3GNT6,PPP1R3E,MRPS18B,,,,,,,HARS1,RIDA,MRPL11,,
RHOA,DLST,,EGF,EPM2AIP1,MRPL42,,,,,,,MRPL58,GLYAT,TIMM23,,
COA6,PDE12,,CRTC2,,MRPL13,,,,,,,MTIF2,AKAP8,MRPL45,,
CHCHD10,AK4,,ENO2,,MRPL18,,,,,,,MRPS16,ENSG00000280071,DLD,,
UQCRHL,C2orf69,,EP300,,MRPL15,,,,,,,MRPS18C,BCKDK,ATP5PD,,
MSH2,ABCD1,,AKT1,,MRPL22,,,,,,,YARS2,WARS2,HINT2,,
MT-ATP6,FH,,AKT2,,HSD17B10,,,,,,,MRPL2,MICU1,CYP27A1,,
MT-ATP8,SIRT3,,EXT1,,HARS1,,,,,,,MRPL4,RACK1,SUCLG1,,
MT-CO1,ISCU,,EXT2,,MRPL58,,,,,,,MRPS7,PEMT,NDUFB1,,
MT-CO2,NNT,,PTK2B,,CHCHD10,,,,,,,MRPS2,TIMM17A,SLC25A22,,
MT-CO3,FXN,,FBP1,,MTIF2,,,,,,,TACO1,ACAA2,ACAT1,,
MT-CYB,AFG1L,,ALDOC,,NDUFA7,,,,,,,MRPL37,TOMM40,HMGCS2,,
MT-ND1,NIPSNAP2,,FOXO1,,MRPS16,,,,,,,MRPL51,ECI2,NDUFA6,,
MT-ND2,BLOC1S1,,AKR1B1,,MRPS18C,,,,,,,MRPL30,HAX1,SLC25A1,,
MT-ND3,NUPR1,,PASK,,YARS2,,,,,,,MRPL27,TIMM44,SLC25A19,,
MT-ND4,GHITM,,SIRT1,,MRPL2,,,,,,,MRPL35,ATP5PD,MRPS17,,
MT-ND4L,UQCRQ,,SLC39A14,,MRPL4,,,,,,,NGRN,SLC9A6,LRPPRC,,
MT-ND5,DNAJC15,,FUT1,,MRPS7,,,,,,,MRPL48,VAT1,CHDH,,
MT-ND6,UQCR10,,FUT2,,TRNT1,,,,,,,MRPS23,PITRM1,ATP6V1B1,,
NDUFA1,NOP53,,FUT3,,TFB1M,,,,,,,MRPS33,OLFM4,COX7C,,
NDUFA2,HIF1A,,FUT4,,MRPS2,,,,,,,CDK5RAP1,MRPL28,COX11,,
NDUFA3,STOML2,,FUT5,,TACO1,,,,,,,GATB,TXNRD2,GPX4,,
NDUFA4,IDE,,FUT6,,MTRES1,,,,,,,MRPL39,MTHFS,SOD2,,
NDUFA5,IDH1,,FUT7,,MRPL37,,,,,,,MRPS21,TXNIP,ATP6AP1,,
NDUFA6,IDH2,,FUT8,,MRPL51,,,,,,,MTRF1L,PDPN,NIPSNAP1,,
NDUFA8,IDH3A,,G6PC1,,MRPL30,,,,,,,MRPL50,ATP5MG,TOMM7,,
NDUFA9,COX8C,,G6PD,,MRPL27,,,,,,,TRMT10C,PRELID3A,SLC16A3,,
NDUFA10,IDH3B,,SLC37A4,,MRPL35,,,,,,,MRPL16,MTX2,MRPL18,,
NDUFAB1,IDH3G,,GBE1,,NGRN,,,,,,,AURKAIP1,YKT6,MCAT,,
NDUFB1,IREB2,,GCG,,MRPS17,,,,,,,RMND1,FARS2,SLC9A5,,
NDUFB2,NDUFS7,,GCK,,MRPL48,,,,,,,PTCD3,MTCO2P12,PCCB,,
NDUFB3,RHOA,,KAT2A,,MRPS23,,,,,,,MRPL20,YME1L1,NDUFC2,,
NDUFB4,COA6,,B4GALT1,,MRPS33,,,,,,,DARS2,ZBTB6,COX5A,,
NDUFB5,CHCHD10,,GNMT,,CDK5RAP1,,,,,,,MRPS18A,MTHFD2,NDUFC1,,
NDUFB6,ARL2,,GOT1,,GATB,,,,,,,MRPS10,CLPX,GLUD1,,
NDUFB7,MIR210,,GPD1,,MRPL39,,,,,,,QRSL1,POLR1G,MCCC2,,
NDUFB8,MDH1,,GPI,,POLRMT,,,,,,,IARS2,PGRMC1,GOT2,,
NDUFB9,MDH2,,PGP,,MRPS21,,,,,,,MRPS22,ADAM28,COX6C,,
NDUFB10,ATP5F1EP2,,GPER1,,MTRF1L,,,,,,,RARS2,ME3,CYC1,,
NDUFC1,UQCRHL,,GPT,,MRPL50,,,,,,,MRPL47,MRPS30,CKMT1B,,
NDUFC2,MSH2,,NR3C1,,TRIT1,,,,,,,AARS2,JTB,SUCLA2,,
NDUFS1,MT-ATP6,,GSK3A,,TRMT10C,,,,,,,MRPS35,DHRS4,ECHS1,,
NDUFS2,MT-ATP8,,GSK3B,,SARS2,,,,,,,MRPL23,BRD8,CRYZ,,
NDUFS3,MT-CO1,,GYG1,,MRPL16,,,,,,,MRPS12,FASTK,ATP6V1G1,,
NDUFV1,MT-CO2,,GYS1,,AURKAIP1,,,,,,,MRPL17,RALBP1,NDUFS2,,
NDUFS4,MT-CO3,,GYS2,,RMND1,,,,,,,NSUN3,PRDX3,UQCRFS1,,
NDUFS5,MT-CYB,,HAS1,,TRMT61B,,,,,,,MRPS14,AFG3L2,MRPS16,,
NDUFS6,MT-ND1,,HAS2,,PTCD3,,,,,,,MRPS25,STARD3,COX7A2,,
NDUFS8,MT-ND2,,HAS3,,MRPL20,,,,,,,SHMT2,TOMM34,PCK2,,
NDUFV2,MT-ND3,,ST6GALNAC6,,DARS2,,,,,,,MRPL14,ACOT2,MRPL42,,
NDUFV3,MT-ND4,,HRH1,,MRPS18A,,,,,,,MRPS26,HTD2,NDUFA4,,
ATP5F1A,MT-ND4L,,NDST1,,MRPS10,,,,,,,MRPS15,UQCR11,MRPS33,,
ATP5F1B,MT-ND5,,ST8SIA6,,QRSL1,,,,,,,MRPS11,RAB32,ATP5MF,,
ATP5F1C,MT-ND6,,ACADM,,PRKAA1,,,,,,,MRPS9,IMMT,TSPO,,
NDUFA13,NDUFA1,,IGF1,,IARS2,,,,,,,MRPS6,SDS,NDUFS3,,
NDUFAF1,NDUFA2,,IGF2,,TWNK,,,,,,,MRPS5,SLC27A3,ATP6V1E1,,
CHCHD2,NDUFA3,,IMPA1,,MRPS22,,,,,,,MRPL41,LIAS,SLC25A17,,
ATP5F1D,NDUFA4,,IMPA2,,RARS2,,,,,,,MRPL40,TDRKH,MIPEP,,
ATP5F1E,NDUFA5,,INS,,MRPL47,,,,,,,MRPL38,DEPP1,UNG,,
ATP5PB,NDUFA6,,INSR,,THAP11,,,,,,,MRPL36,TRIM31,GPD2,,
ATP5ME,NDUFA7,,IRS1,,AARS2,,,,,,,MRPL34,TPPP,TSFM,,
ATP5PF,NDUFA8,,B3GNT8,,TRMT5,,,,,,,MRPL32,RPP14,COX5B,,
ATP7A,NDUFA9,,NHLRC1,,MRPS35,,,,,,,MRPL11,HIBADH,ATP6V1F,,
ATP5PO,NDUFA10,,C1QTNF12,,FASTKD5,,,,,,,MRPL9,CAPN10,NDUFA10,,
CYCS,NDUFAB1,,LALBA,,ELAC2,,,,,,,MRPL1,PLAAT3,IDH2,,
NDUFB11,NDUFB1,,LEP,,MRPL23,,,,,,,MRPL44,NUDT6,NDUFB3,,
SDHAF2,NDUFB2,,LEPR,,MRPL12,,,,,,,MRPS34,ABCB8,AIFM1,,
NDUFA12,NDUFB3,,LHCGR,,MRPS12,,,,,,,C1QBP,AKAP10,CP,,
COQ9,NDUFB4,,MIR103A1,,MRPL17,,,,,,,TUFM,MRPL3,ABCB6,,
BID,NDUFB5,,MIR107,,NSUN3,,,,,,,MRPL49,POLG2,NDUFB4,,
SDHA,NDUFB6,,MIR15B,,MRPS14,,,,,,,DAP3,CA5B,COX17,,
SDHB,NDUFB7,,MIR195,,TFB2M,,,,,,,MRPL57,SP140,COX6A1,,
SDHC,NDUFB8,,MAS1,,MRPS25,,,,,,,FASTKD3,RDH13,LONP1,,
SDHD,NDUFB9,,MDH2,,SHMT2,,,,,,,MRPL24,FDX2,PPIF,,
SHMT2,NDUFB10,,MGAT2,,METTL4,,,,,,,METTL8,HOGA1,ATP5PO,,
PINK1,NDUFC1,,MST1,,MRPL14,,,,,,,TARS2,PNKP,NDUFV1,,
ANTKMT,NDUFC2,,ATF3,,MRPS26,,,,,,,RCC1L,MTFR2,SEC61G,,
SNCA,NDUFS1,,ATF4,,MRPS24,,,,,,,NOA1,PARK7,NDUFA12,,
TAFAZZIN,NDUFS2,,NFKB1,,MRPS15,,,,,,,UQCC2,GPN1,VDAC3,,
TNF,NDUFS3,,NNMT,,MRPS11,,,,,,,MRPL45,PHB2,SCP2,,
UQCRB,NDUFV1,,NTSR1,,MRPS9,,,,,,,GFM2,ACOT7,SLC16A5,,
UQCRC1,NDUFS4,,P2RY1,,MRPS6,,,,,,,MRPL43,TUSC2,TIMM17B,,
UQCRC2,NDUFS5,,P2RY6,,MRPS5,,,,,,,MPV17L2,AZIN2,ATP5F1C,,
UQCRFS1,NDUFS6,,CHST11,,MRPL41,,,,,,,RPUSD4,CYP2U1,GSTZ1,,
UQCRH,NDUFS8,,PC,,MRPL40,,,,,,,GFM1,TXNRD3,ALDH6A1,,
VCP,NDUFV2,,PCK1,,MRPL38,,,,,,,ALKBH1,LACTB,NDUFA5,,
SLC25A23,NDUFV3,,PCK2,,MRPL36,,,,,,,GADD45GIP1,SLC25A25,DUT,,
UQCC3,ACO1,,CHST15,,MRPL34,,,,,,,MTG1,CIDEA,ATP8A1,,
TEFM,OGDH,,ISYNA1,,MRPL32,,,,,,,MRPL33,PTPMT1,ATP13A3,,
SLC25A33,ATP5F1A,,SIRT7,,MRPL11,,,,,,,MTRF1,VASN,NQO1,,
DNAJC30,ACO2,,SIRT6,,MRPL9,,,,,,,MRPL19,CKB,GATD3,,
UQCC2,OXA1L,,PDGFB,,MRPL1,,,,,,,,OMA1,CPT1A,,
COX7A2L,ATP5F1B,,PDK2,,MRPL44,,,,,,,,SLC25A26,COX18,,
SLC25A51,ATP5F1C,,ENPP1,,MRPS34,,,,,,,,MALSU1,SDHB,,
COX5A,NDUFA13,,CD244,,SUPV3L1,,,,,,,,CKMT1B,SLC40A1,,
ATP5MF,MLXIPL,,INPP5K,,TFAM,,,,,,,,CKMT2,NME4,,
,NDUFAF1,,PFKFB1,,C1QBP,,,,,,,,FAM210B,PDHA1,,
,CHCHD2,,PGAM2,,TUFM,,,,,,,,COX20,COX6B1,,
,ATP5F1D,,PGD,,MRPL49,,,,,,,,ACSM1,ATP1B3,,
,ATP5F1E,,PGK1,,DAP3,,,,,,,,TOP1MT,MRPL40,,
,ATP5PB,,PGK2,,MRPL57,,,,,,,,MRPL53,MRPL12,,
,PDHA1,,PGM1,,FASTKD3,,,,,,,,MRPL54,NDUFAB1,,
,PDHA2,,PHKG1,,MRPL24,,,,,,,,THEM4,MRPL36,,
,PDHB,,PHKG2,,FASTKD1,,,,,,,,CHCHD1,MRPS18B,,
,ATP5ME,,PLEK,,TEFM,,,,,,,,SFXN2,ATP5PF,,
,ATP5PF,,PRKAG3,,MTERF1,,,,,,,,PDZD8,NDUFB9,,
,ATP7A,,NANS,,METTL8,,,,,,,,CLU,HSD17B10,,
,ATP5PO,,PPARA,,TARS2,,,,,,,,CLIC1,SLC25A39,,
,CYCS,,PPP1CA,,MTERF2,,,,,,,,SFXN4,COX8A,,
,NDUFB11,,PPP1R3A,,PUS1,,,,,,,,LRRK2,NDUFA3,,
,SDHAF2,,PPP1R3C,,RCC1L,,,,,,,,IFI27L1,NFS1,,
,DHTKD1,,PPP1R3D,,NOA1,,,,,,,,MRPL52,SCO1,,
,OGDHL,,AVPR1B,,SLC25A33,,,,,,,,ISCA2,NDUFA7,,
,NDUFA12,,CSGALNACT2,,UQCC2,,,,,,,,SLC25A29,ATP5PB,,
,MTFR1L,,CHST12,,MRPL45,,,,,,,,MTFMT,SLC9A2,,
,COQ9,,SMPD3,,GFM2,,,,,,,,HIGD2B,MRPL49,,
,TRPV4,,ZNF692,,MRPL43,,,,,,,,CCR7,PDK3,,
,BID,,CSGALNACT1,,MPV17L2,,,,,,,,HYKK,COX7A1,,
,SDHA,,ST6GALNAC1,,RPUSD4,,,,,,,,ACSM2A,NDUFA8,,
,SDHB,,SELENOS,,GFM1,,,,,,,,SPATA33,NDUFB8,,
,SDHC,,SDHAF3,,PNPT1,,,,,,,,EARS2,DIABLO,,
,SDHD,,PPP4R3B,,ALKBH1,,,,,,,,MRPL10,CRAT,,
,SHMT2,,PTAFR,,GADD45GIP1,,,,,,,,WDR81,FIBP,,
,PINK1,,PTH,,MTG1,,,,,,,,MIEF2,GCAT,,
,ANTKMT,,PTH1R,,TBRG4,,,,,,,,FAM210A,CRYZL1,,
,SNCA,,NLN,,MRPL33,,,,,,,,COX6B2,NDUFB6,,
,BNIP3,,PTPN2,,MTRF1,,,,,,,,MICOS13,BCL2,,
,SURF1,,G6PC2,,PRORP,,,,,,,,CPT1C,SFXN5,,
,TAFAZZIN,,RANBP2,,MRPL19,,,,,,,,NLRP5,COX4I1,,
,TNF,,RBP4,,,,,,,,,,NDUFA11,AGMAT,,
,UCN,,FAM3A,,,,,,,,,,CNP,ATP1B1,,
,UQCRB,,CHST8,,,,,,,,,,PUSL1,HSCB,,
,UQCRC1,,NDST4,,,,,,,,,,CNR1,SLC25A32,,
,UQCRC2,,ST3GAL2,,,,,,,,,,ADH5,COX7B,,
,UQCRFS1,,ST3GAL4,,,,,,,,,,NAXE,NDUFA1,,
,UQCRH,,ST3GAL3,,,,,,,,,,MRPL55,COX7A2L,,
,VCP,,PPP1R3G,,,,,,,,,,TANGO2,UQCRQ,,
,SLC25A23,,SLC25A1,,,,,,,,,,CMPK2,TOMM40,,
,UQCC3,,SNCA,,,,,,,,,,NEU4,MTHFD2,,
,TEFM,,SORD,,,,,,,,,,MTERF4,MTRR,,
,PANK2,,STK11,,,,,,,,,,MIX23,ATP5F1B,,
,SLC25A33,,TGFB1,,,,,,,,,,DNAJC19,SCO2,,
,DNAJC30,,TPI1,,,,,,,,,,CHCHD4,MCEE,,
,UQCC2,,UGP2,,,,,,,,,,TAMM41,UQCRB,,
,CAT,,USP7,,,,,,,,,,GLYCTK,TOMM70,,
,COX4I2,,B3GNT4,,,,,,,,,,SPATA18,GCDH,,
,CBFA2T3,,PPP1R3B,,,,,,,,,,COX4I1,ECI1,,
,SUCLG2,,ST6GALNAC5,,,,,,,,,,COX5B,MAOA,,
,SUCLG1,,CHST9,,,,,,,,,,SLC9B2,WARS2,,
,SUCLA2,,SESN2,,,,,,,,,,PPARGC1B,MRPS15,,
,ACTN3,,DYRK2,,,,,,,,,,NADK2,TFAM,,
,CCNB1,,DGAT2,,,,,,,,,,COX6A1,MRPL13,,
,SLC25A14,,OGT,,,,,,,,,,COX6A2,ATP5ME,,
,COX7A2L,,B3GNT9,,,,,,,,,,COX6B1,NDUFB5,,
,SLC25A51,,SLC35B4,,,,,,,,,,ATPSCKMT,ATP5MC1,,
,MRPS36,,NDST2,,,,,,,,,,GRPEL2,PTRH2,,
,COX5A,,SLC25A12,,,,,,,,,,COX6C,ATP6V1D,,
,ATP5MF,,IRS2,,,,,,,,,,COX7A1,MRPS36,,
,MTFR1,,B3GALT4,,,,,,,,,,COX7A2,OXCT1,,
,CDK1,,B3GALNT1,,,,,,,,,,COX7A2P2,TRIM45,,
,,,B3GALT2,,,,,,,,,,COX7B,MRPL32,,
,,,B3GALT1,,,,,,,,,,COX7C,HCCS,,
,,,FBP2,,,,,,,,,,COX8A,NDUFB2,,
,,,KAT2B,,,,,,,,,,SDHAF4,NDUFA9,,
,,,PER2,,,,,,,,,,COX10,TIMM10,,
,,,GYG2,,,,,,,,,,COX11,FH,,
,,,PPP1R3F,,,,,,,,,,COX15,PDHX,,
,,,PPP1R3E,,,,,,,,,,CPOX,TIMM13,,
,,,RGN,,,,,,,,,,CPS1,COX7B2,,
,,,G6PC3,,,,,,,,,,CIBAR1,NT5M,,
,,,B3GNT7,,,,,,,,,,CPT1A,MRPL3,,
,,,B4GALT5,,,,,,,,,,CPT1B,TIMM8B,,
,,,NDST3,,,,,,,,,,CPT2,UQCR10,,
,,,ADIPOQ,,,,,,,,,,NDUFAF6,VDAC2,,
,,,CHST10,,,,,,,,,,TMEM71,PDP1,,
,,,MPDU1,,,,,,,,,,ADHFE1,MRPL27,,
,,,NR1D1,,,,,,,,,,LETM2,NDUFB10,,
,,,HS2ST1,,,,,,,,,,NACC2,ATP5MG,,
,,,EPM2AIP1,,,,,,,,,,CRAT,NDUFV2,,
,,,,,,,,,,,,,ATF2,PRDX5,,
,,,,,,,,,,,,,APOOL,SURF1,,
,,,,,,,,,,,,,FUNDC1,DAP3,,
,,,,,,,,,,,,,ASB9,NDUFAF1,,
,,,,,,,,,,,,,CRY1,NDUFS8,,
,,,,,,,,,,,,,BRI3BP,,,
,,,,,,,,,,,,,CRY2,,,
,,,,,,,,,,,,,ROMO1,,,
,,,,,,,,,,,,,PABPC5,,,
,,,,,,,,,,,,,CRYAB,,,
,,,,,,,,,,,,,PARP1,,,
,,,,,,,,,,,,,CRYM,,,
,,,,,,,,,,,,,ACSM6,,,
,,,,,,,,,,,,,TRUB1,,,
,,,,,,,,,,,,,CS,,,
,,,,,,,,,,,,,MAPK14,,,
,,,,,,,,,,,,,PIWIL4,,,
,,,,,,,,,,,,,ETFRF1,,,
,,,,,,,,,,,,,SLC25A10,,,
,,,,,,,,,,,,,DHRS13,,,
,,,,,,,,,,,,,SLC25A52,,,
,,,,,,,,,,,,,KLC3,,,
,,,,,,,,,,,,,TICAM1,,,
,,,,,,,,,,,,,CREB3L4,,,
,,,,,,,,,,,,,AIFM3,,,
,,,,,,,,,,,,,HSCB,,,
,,,,,,,,,,,,,DUSP18,,,
,,,,,,,,,,,,,GPAT2,,,
,,,,,,,,,,,,,PUS10,,,
,,,,,,,,,,,,,RMDN2,,,
,,,,,,,,,,,,,CMC1,,,
,,,,,,,,,,,,,CYB5A,,,
,,,,,,,,,,,,,PPM1K,,,
,,,,,,,,,,,,,SLC25A48,,,
,,,,,,,,,,,,,CYC1,,,
,,,,,,,,,,,,,PRELID2,,,
,,,,,,,,,,,,,KHDC3L,,,
,,,,,,,,,,,,,CYP1A1,,,
,,,,,,,,,,,,,CYP1B1,,,
,,,,,,,,,,,,,FMC1,,,
,,,,,,,,,,,,,GIMAP8,,,
,,,,,,,,,,,,,CYP2D7,,,
,,,,,,,,,,,,,CYP2D6,,,
,,,,,,,,,,,,,CYP2E1,,,
,,,,,,,,,,,,,TMEM65,,,
,,,,,,,,,,,,,TDH,,,
,,,,,,,,,,,,,TRMT10B,,,
,,,,,,,,,,,,,CYP11A1,,,
,,,,,,,,,,,,,CYP11B1,,,
,,,,,,,,,,,,,CYP11B2,,,
,,,,,,,,,,,,,ADSS2,,,
,,,,,,,,,,,,,CYP24A1,,,
,,,,,,,,,,,,,CYP27A1,,,
,,,,,,,,,,,,,CYP27B1,,,
,,,,,,,,,,,,,AARS1,,,
,,,,,,,,,,,,,C11orf65,,,
,,,,,,,,,,,,,ALDH1L2,,,
,,,,,,,,,,,,,PPTC7,,,
,,,,,,,,,,,,,DAO,,,
,,,,,,,,,,,,,NAGS,,,
,,,,,,,,,,,,,DBT,,,
,,,,,,,,,,,,,ECI1,,,
,,,,,,,,,,,,,DCK,,,
,,,,,,,,,,,,,DDX1,,,
,,,,,,,,,,,,,SPATA5,,,
,,,,,,,,,,,,,DECR1,,,
,,,,,,,,,,,,,MMAA,,,
,,,,,,,,,,,,,TIMM8A,,,
,,,,,,,,,,,,,DHX36,,,
,,,,,,,,,,,,,COX7B2,,,
,,,,,,,,,,,,,CLYBL,,,
,,,,,,,,,,,,,DGUOK,,,
,,,,,,,,,,,,,DHFR,,,
,,,,,,,,,,,,,DHODH,,,
,,,,,,,,,,,,,CYB5R3,,,
,,,,,,,,,,,,,DLAT,,,
,,,,,,,,,,,,,DLD,,,
,,,,,,,,,,,,,DLST,,,
,,,,,,,,,,,,,SARDH,,,
,,,,,,,,,,,,,DMPK,,,
,,,,,,,,,,,,,DNA2,,,
,,,,,,,,,,,,,ABAT,,,
,,,,,,,,,,,,,DTYMK,,,
,,,,,,,,,,,,,DUT,,,
,,,,,,,,,,,,,ECH1,,,
,,,,,,,,,,,,,ECHS1,,,
,,,,,,,,,,,,,PGAM5,,,
,,,,,,,,,,,,,HIGD2A,,,
,,,,,,,,,,,,,METTL15,,,
,,,,,,,,,,,,,IMMP1L,,,
,,,,,,,,,,,,,LDHD,,,
,,,,,,,,,,,,,ACSF3,,,
,,,,,,,,,,,,,ELK1,,,
,,,,,,,,,,,,,IBA57,,,
,,,,,,,,,,,,,ELK3,,,
,,,,,,,,,,,,,DHFR2,,,
,,,,,,,,,,,,,MARK2,,,
,,,,,,,,,,,,,PLD6,,,
,,,,,,,,,,,,,PDE12,,,
,,,,,,,,,,,,,PRIMPOL,,,
,,,,,,,,,,,,,ENDOG,,,
,,,,,,,,,,,,,NAIF1,,,
,,,,,,,,,,,,,SLC25A43,,,
,,,,,,,,,,,,,AK2,,,
,,,,,,,,,,,,,STOM,,,
,,,,,,,,,,,,,EPHA4,,,
,,,,,,,,,,,,,AK4,,,
,,,,,,,,,,,,,MTLN,,,
,,,,,,,,,,,,,C2orf69,,,
,,,,,,,,,,,,,CLN8,,,
,,,,,,,,,,,,,ERBB4,,,
,,,,,,,,,,,,,AKT1,,,
,,,,,,,,,,,,,ERN1,,,
,,,,,,,,,,,,,ESR2,,,
,,,,,,,,,,,,,ETFA,,,
,,,,,,,,,,,,,ETFB,,,
,,,,,,,,,,,,,ALAS1,,,
,,,,,,,,,,,,,ETFDH,,,
,,,,,,,,,,,,,ALAS2,,,
,,,,,,,,,,,,,EYA2,,,
,,,,,,,,,,,,,ABCD1,,,
,,,,,,,,,,,,,ALDH2,,,
,,,,,,,,,,,,,ACSL1,,,
,,,,,,,,,,,,,ACSL3,,,
,,,,,,,,,,,,,ACSL4,,,
,,,,,,,,,,,,,FANCG,,,
,,,,,,,,,,,,,ALDH1B1,,,
,,,,,,,,,,,,,ATAD3C,,,
,,,,,,,,,,,,,MTIF3,,,
,,,,,,,,,,,,,MRPL21,,,
,,,,,,,,,,,,,SPATA19,,,
,,,,,,,,,,,,,GLYATL2,,,
,,,,,,,,,,,,,ABCB7,,,
,,,,,,,,,,,,,ALKBH3,,,
,,,,,,,,,,,,,MICU2,,,
,,,,,,,,,,,,,AK9,,,
,,,,,,,,,,,,,ARMC12,,,
,,,,,,,,,,,,,FDX1,,,
,,,,,,,,,,,,,FDXR,,,
,,,,,,,,,,,,,FECH,,,
,,,,,,,,,,,,,FEN1,,,
,,,,,,,,,,,,,FGR,,,
,,,,,,,,,,,,,FH,,,
,,,,,,,,,,,,,FHIT,,,
,,,,,,,,,,,,,PPM1E,,,
,,,,,,,,,,,,,FASTKD2,,,
,,,,,,,,,,,,,MLXIP,,,
,,,,,,,,,,,,,FKBP4,,,
,,,,,,,,,,,,,TRAK1,,,
,,,,,,,,,,,,,DHX30,,,
,,,,,,,,,,,,,MSRB2,,,
,,,,,,,,,,,,,SIRT2,,,
,,,,,,,,,,,,,PALLD,,,
,,,,,,,,,,,,,VWA8,,,
,,,,,,,,,,,,,FOXO1,,,
,,,,,,,,,,,,,FOXO3,,,
,,,,,,,,,,,,,KIF1B,,,
,,,,,,,,,,,,,SARM1,,,
,,,,,,,,,,,,,MRPS27,,,
,,,,,,,,,,,,,SPART,,,
,,,,,,,,,,,,,GRAMD4,,,
,,,,,,,,,,,,,LPIN1,,,
,,,,,,,,,,,,,DIP2A,,,
,,,,,,,,,,,,,ATG4B,,,
,,,,,,,,,,,,,PMPCA,,,
,,,,,,,,,,,,,SYNE2,,,
,,,,,,,,,,,,,VPS13A,,,
,,,,,,,,,,,,,PACS2,,,
,,,,,,,,,,,,,AGTPBP1,,,
,,,,,,,,,,,,,ACSL6,,,
,,,,,,,,,,,,,NCSTN,,,
,,,,,,,,,,,,,LARS2,,,
,,,,,,,,,,,,,SIRT5,,,
,,,,,,,,,,,,,SIRT4,,,
,,,,,,,,,,,,,SIRT3,,,
,,,,,,,,,,,,,SIRT1,,,
,,,,,,,,,,,,,MLYCD,,,
,,,,,,,,,,,,,TDRD7,,,
,,,,,,,,,,,,,TARDBP,,,
,,,,,,,,,,,,,HARS2,,,
,,,,,,,,,,,,,SLC44A1,,,
,,,,,,,,,,,,,ABCB10,,,
,,,,,,,,,,,,,GCAT,,,
,,,,,,,,,,,,,ETHE1,,,
,,,,,,,,,,,,,ISCU,,,
,,,,,,,,,,,,,NNT,,,
,,,,,,,,,,,,,FPGS,,,
,,,,,,,,,,,,,DDAH2,,,
,,,,,,,,,,,,,ARL2BP,,,
,,,,,,,,,,,,,CASP14,,,
,,,,,,,,,,,,,PDSS1,,,
,,,,,,,,,,,,,HEBP2,,,
,,,,,,,,,,,,,ACOT9,,,
,,,,,,,,,,,,,AMACR,,,
,,,,,,,,,,,,,PPP1R15A,,,
,,,,,,,,,,,,,RAB38,,,
,,,,,,,,,,,,,GABARAPL1,,,
,,,,,,,,,,,,,PISD,,,
,,,,,,,,,,,,,MAFF,,,
,,,,,,,,,,,,,FKBP8,,,
,,,,,,,,,,,,,BCL2L13,,,
,,,,,,,,,,,,,MTCH1,,,
,,,,,,,,,,,,,MTCH2,,,
,,,,,,,,,,,,,FXN,,,
,,,,,,,,,,,,,AFG1L,,,
,,,,,,,,,,,,,MTOR,,,
,,,,,,,,,,,,,ALPL,,,
,,,,,,,,,,,,,ABL1,,,
,,,,,,,,,,,,,FYN,,,
,,,,,,,,,,,,,SLC25A30,,,
,,,,,,,,,,,,,IFI6,,,
,,,,,,,,,,,,,MSRB3,,,
,,,,,,,,,,,,,ETFBKMT,,,
,,,,,,,,,,,,,METAP1D,,,
,,,,,,,,,,,,,NUDT8,,,
,,,,,,,,,,,,,GABBR1,,,
,,,,,,,,,,,,,MPV17L,,,
,,,,,,,,,,,,,PLA2G4F,,,
,,,,,,,,,,,,,RNF144B,,,
,,,,,,,,,,,,,GK5,,,
,,,,,,,,,,,,,BCLAF3,,,
,,,,,,,,,,,,,C10orf67,,,
,,,,,,,,,,,,,FBXO7,,,
,,,,,,,,,,,,,SAMM50,,,
,,,,,,,,,,,,,NOCT,,,
,,,,,,,,,,,,,MTO1,,,
,,,,,,,,,,,,,PRDX5,,,
,,,,,,,,,,,,,TXN2,,,
,,,,,,,,,,,,,SULT4A1,,,
,,,,,,,,,,,,,MPC2,,,
,,,,,,,,,,,,,LETMD1,,,
,,,,,,,,,,,,,TMEM186,,,
,,,,,,,,,,,,,AMBP,,,
,,,,,,,,,,,,,MTHFD1L,,,
,,,,,,,,,,,,,C1orf43,,,
,,,,,,,,,,,,,NDUFAF3,,,
,,,,,,,,,,,,,CLIC4,,,
,,,,,,,,,,,,,NIPSNAP3A,,,
,,,,,,,,,,,,,PNKD,,,
,,,,,,,,,,,,,KANK2,,,
,,,,,,,,,,,,,NUDT13,,,
,,,,,,,,,,,,,PARS2,,,
,,,,,,,,,,,,,NGDN,,,
,,,,,,,,,,,,,HIGD1A,,,
,,,,,,,,,,,,,REXO2,,,
,,,,,,,,,,,,,PTCD1,,,
,,,,,,,,,,,,,ACOT11,,,
,,,,,,,,,,,,,RAB11FIP5,,,
,,,,,,,,,,,,,POLDIP2,,,
,,,,,,,,,,,,,KIFBP,,,
,,,,,,,,,,,,,MTG2,,,
,,,,,,,,,,,,,GARS1,,,
,,,,,,,,,,,,,STAP1,,,
,,,,,,,,,,,,,FBXL4,,,
,,,,,,,,,,,,,HIBCH,,,
,,,,,,,,,,,,,SACS,,,
,,,,,,,,,,,,,GATM,,,
,,,,,,,,,,,,,ERAL1,,,
,,,,,,,,,,,,,MYCBP,,,
,,,,,,,,,,,,,NIPSNAP2,,,
,,,,,,,,,,,,,FAM162A,,,
,,,,,,,,,,,,,GCDH,,,
,,,,,,,,,,,,,GCK,,,
,,,,,,,,,,,,,GCKR,,,
,,,,,,,,,,,,,BLOC1S1,,,
,,,,,,,,,,,,,TIMM10B,,,
,,,,,,,,,,,,,TIMM13,,,
,,,,,,,,,,,,,TIMM10,,,
,,,,,,,,,,,,,TIMM9,,,
,,,,,,,,,,,,,TIMM8B,,,
,,,,,,,,,,,,,GCSH,,,
,,,,,,,,,,,,,MRPL46,,,
,,,,,,,,,,,,,DAOA,,,
,,,,,,,,,,,,,ATP5MGL,,,
,,,,,,,,,,,,,GFER,,,
,,,,,,,,,,,,,GHR,,,
,,,,,,,,,,,,,GJA1,,,
,,,,,,,,,,,,,TRUB2,,,
,,,,,,,,,,,,,ACAD8,,,
,,,,,,,,,,,,,PPA2,,,
,,,,,,,,,,,,,GHITM,,,
,,,,,,,,,,,,,UQCRQ,,,
,,,,,,,,,,,,,GK,,,
,,,,,,,,,,,,,DMAC2L,,,
,,,,,,,,,,,,,BBC3,,,
,,,,,,,,,,,,,GK2,,,
,,,,,,,,,,,,,GLS2,,,
,,,,,,,,,,,,,PRELID1,,,
,,,,,,,,,,,,,DISC1,,,
,,,,,,,,,,,,,COQ2,,,
,,,,,,,,,,,,,NFU1,,,
,,,,,,,,,,,,,MMADHC,,,
,,,,,,,,,,,,,GCLC,,,
,,,,,,,,,,,,,APEX2,,,
,,,,,,,,,,,,,GLDC,,,
,,,,,,,,,,,,,RPS6KA6,,,
,,,,,,,,,,,,,MCAT,,,
,,,,,,,,,,,,,HTRA2,,,
,,,,,,,,,,,,,GLS,,,
,,,,,,,,,,,,,HDHD5,,,
,,,,,,,,,,,,,GLRX,,,
,,,,,,,,,,,,,GLUD1,,,
,,,,,,,,,,,,,GLUD2,,,
,,,,,,,,,,,,,AMT,,,
,,,,,,,,,,,,,GLUL,,,
,,,,,,,,,,,,,GOT2,,,
,,,,,,,,,,,,,GPD2,,,
,,,,,,,,,,,,,RAB40AL,,,
,,,,,,,,,,,,,BLOC1S2,,,
,,,,,,,,,,,,,SLC25A45,,,
,,,,,,,,,,,,,GATC,,,
,,,,,,,,,,,,,SIAH3,,,
,,,,,,,,,,,,,SLC25A47,,,
,,,,,,,,,,,,,CISD3,,,
,,,,,,,,,,,,,TMEM102,,,
,,,,,,,,,,,,,CAVIN1,,,
,,,,,,,,,,,,,NDUFAF8,,,
,,,,,,,,,,,,,SLC25A41,,,
,,,,,,,,,,,,,SLC25A42,,,
,,,,,,,,,,,,,THEM5,,,
,,,,,,,,,,,,,SLC25A34,,,
,,,,,,,,,,,,,GPER1,,,
,,,,,,,,,,,,,TCAIM,,,
,,,,,,,,,,,,,RPUSD3,,,
,,,,,,,,,,,,,DOK7,,,
,,,,,,,,,,,,,COX18,,,
,,,,,,,,,,,,,MICU3,,,
,,,,,,,,,,,,,ANK2,,,
,,,,,,,,,,,,,GPS2,,,
,,,,,,,,,,,,,GPX1,,,
,,,,,,,,,,,,,GPX4,,,
,,,,,,,,,,,,,MRPS28,,,
,,,,,,,,,,,,,COA3,,,
,,,,,,,,,,,,,DCPS,,,
,,,,,,,,,,,,,GIT1,,,
,,,,,,,,,,,,,MRPS18B,,,
,,,,,,,,,,,,,ACAD9,,,
,,,,,,,,,,,,,MRPL42,,,
,,,,,,,,,,,,,TMEM14A,,,
,,,,,,,,,,,,,FLVCR1,,,
,,,,,,,,,,,,,MRPL13,,,
,,,,,,,,,,,,,MRPL18,,,
,,,,,,,,,,,,,NDUFAF4,,,
,,,,,,,,,,,,,NR3C1,,,
,,,,,,,,,,,,,GTPBP8,,,
,,,,,,,,,,,,,MRPL15,,,
,,,,,,,,,,,,,TIMM21,,,
,,,,,,,,,,,,,MRPL22,,,
,,,,,,,,,,,,,SLC25A4,,,
,,,,,,,,,,,,,DNAJC15,,,
,,,,,,,,,,,,,PYCARD,,,
,,,,,,,,,,,,,SLC25A5,,,
,,,,,,,,,,,,,GRSF1,,,
,,,,,,,,,,,,,SLC25A6,,,
,,,,,,,,,,,,,GSK3A,,,
,,,,,,,,,,,,,GSK3B,,,
,,,,,,,,,,,,,GSR,,,
,,,,,,,,,,,,,GSTP1,,,
,,,,,,,,,,,,,GSTZ1,,,
,,,,,,,,,,,,,UQCR10,,,
,,,,,,,,,,,,,ZDHHC8,,,
,,,,,,,,,,,,,UBIAD1,,,
,,,,,,,,,,,,,PYCR2,,,
,,,,,,,,,,,,,TIMM22,,,
,,,,,,,,,,,,,NENF,,,
,,,,,,,,,,,,,SLC25A24,,,
,,,,,,,,,,,,,DMGDH,,,
,,,,,,,,,,,,,MRM2,,,
,,,,,,,,,,,,,RHOD,,,
,,,,,,,,,,,,,GZMB,,,
,,,,,,,,,,,,,HSD17B10,,,
,,,,,,,,,,,,,HAGH,,,
,,,,,,,,,,,,,HADHA,,,
,,,,,,,,,,,,,HADHB,,,
,,,,,,,,,,,,,HADH,,,
,,,,,,,,,,,,,HARS1,,,
,,,,,,,,,,,,,HCCS,,,
,,,,,,,,,,,,,HCLS1,,,
,,,,,,,,,,,,,ANXA6,,,
,,,,,,,,,,,,,HIVEP1,,,
,,,,,,,,,,,,,STOML2,,,
,,,,,,,,,,,,,HK1,,,
,,,,,,,,,,,,,HK2,,,
,,,,,,,,,,,,,ACACA,,,
,,,,,,,,,,,,,HK3,,,
,,,,,,,,,,,,,HLCS,,,
,,,,,,,,,,,,,HMGCL,,,
,,,,,,,,,,,,,HMGCS2,,,
,,,,,,,,,,,,,HMOX1,,,
,,,,,,,,,,,,,NR4A1,,,
,,,,,,,,,,,,,NUDT2,,,
,,,,,,,,,,,,,ACACB,,,
,,,,,,,,,,,,,MMAB,,,
,,,,,,,,,,,,,APEX1,,,
,,,,,,,,,,,,,HSD3B1,,,
,,,,,,,,,,,,,HSD3B2,,,
,,,,,,,,,,,,,ACADL,,,
,,,,,,,,,,,,,DNAJA1,,,
,,,,,,,,,,,,,HSPA1A,,,
,,,,,,,,,,,,,HSPA1B,,,
,,,,,,,,,,,,,HSPA1L,,,
,,,,,,,,,,,,,HSPA4,,,
,,,,,,,,,,,,,HSPA5,,,
,,,,,,,,,,,,,HSPA9,,,
,,,,,,,,,,,,,HSP90AA1,,,
,,,,,,,,,,,,,HSP90AB1,,,
,,,,,,,,,,,,,HSPD1,,,
,,,,,,,,,,,,,HSPE1,,,
,,,,,,,,,,,,,BRINP3,,,
,,,,,,,,,,,,,MRPL58,,,
,,,,,,,,,,,,,CYP27C1,,,
,,,,,,,,,,,,,NAT8L,,,
,,,,,,,,,,,,,ACADM,,,
,,,,,,,,,,,,,STING1,,,
,,,,,,,,,,,,,ACSM4,,,
,,,,,,,,,,,,,IDE,,,
,,,,,,,,,,,,,IDH1,,,
,,,,,,,,,,,,,IDH2,,,
,,,,,,,,,,,,,IDH3A,,,
,,,,,,,,,,,,,COX8C,,,
,,,,,,,,,,,,,IDH3B,,,
,,,,,,,,,,,,,IDH3G,,,
,,,,,,,,,,,,,IFI27,,,
,,,,,,,,,,,,,AQP8,,,
,,,,,,,,,,,,,IFIT3,,,
,,,,,,,,,,,,,IRGM,,,
,,,,,,,,,,,,,MTX3,,,
,,,,,,,,,,,,,MACC1,,,
,,,,,,,,,,,,,MPC1L,,,
,,,,,,,,,,,,,ACSM2B,,,
,,,,,,,,,,,,,NMNAT3,,,
,,,,,,,,,,,,,ACADS,,,
,,,,,,,,,,,,,ANKRD37,,,
,,,,,,,,,,,,,ACADSB,,,
,,,,,,,,,,,,,FOXK2,,,
,,,,,,,,,,,,,ILF3,,,
,,,,,,,,,,,,,IREB2,,,
,,,,,,,,,,,,,IRF3,,,
,,,,,,,,,,,,,ARAF,,,
,,,,,,,,,,,,,ACADVL,,,
,,,,,,,,,,,,,IVD,,,
,,,,,,,,,,,,,JARID2,,,
,,,,,,,,,,,,,GSTK1,,,
,,,,,,,,,,,,,KARS1,,,
,,,,,,,,,,,,,DND1,,,
,,,,,,,,,,,,,NDUFS7,,,
,,,,,,,,,,,,,YJEFN3,,,
,,,,,,,,,,,,,MIGA1,,,
,,,,,,,,,,,,,ERCC6L2,,,
,,,,,,,,,,,,,LRRC10,,,
,,,,,,,,,,,,,KCNJ8,,,
,,,,,,,,,,,,,SLC27A1,,,
,,,,,,,,,,,,,ACAT1,,,
,,,,,,,,,,,,,ARG1,,,
,,,,,,,,,,,,,ARG2,,,
,,,,,,,,,,,,,KRAS,,,
,,,,,,,,,,,,,NSUN4,,,
,,,,,,,,,,,,,ARMS2,,,
,,,,,,,,,,,,,LIPT2,,,
,,,,,,,,,,,,,TOMM20L,,,
,,,,,,,,,,,,,COA6,,,
,,,,,,,,,,,,,BOLA3,,,
,,,,,,,,,,,,,SMIM20,,,
,,,,,,,,,,,,,GLYATL3,,,
,,,,,,,,,,,,,ACAT2,,,
,,,,,,,,,,,,,LDHB,,,
,,,,,,,,,,,,,LETM1,,,
,,,,,,,,,,,,,LGALS3,,,
,,,,,,,,,,,,,LIG1,,,
,,,,,,,,,,,,,LIG3,,,
,,,,,,,,,,,,,FADS1,,,
,,,,,,,,,,,,,SLC25A35,,,
,,,,,,,,,,,,,PRICKLE3,,,
,,,,,,,,,,,,,CHCHD10,,,
,,,,,,,,,,,,,MCCD1,,,
,,,,,,,,,,,,,TOMM5,,,
,,,,,,,,,,,,,SLC25A53,,,
,,,,,,,,,,,,,ARL2,,,
,,,,,,,,,,,,,LYN,,,
,,,,,,,,,,,,,MIR17,,,
,,,,,,,,,,,,,MIR29A,,,
,,,,,,,,,,,,,MIR29B1,,,
,,,,,,,,,,,,,MIR29C,,,
,,,,,,,,,,,,,NBR1,,,
,,,,,,,,,,,,,MXD1,,,
,,,,,,,,,,,,,ARSB,,,
,,,,,,,,,,,,,MAOA,,,
,,,,,,,,,,,,,MAOB,,,
,,,,,,,,,,,,,MAPT,,,
,,,,,,,,,,,,,BLID,,,
,,,,,,,,,,,,,MCL1,,,
,,,,,,,,,,,,,SMCP,,,
,,,,,,,,,,,,,MDH2,,,
,,,,,,,,,,,,,ME1,,,
,,,,,,,,,,,,,ME2,,,
,,,,,,,,,,,,,MGST1,,,
,,,,,,,,,,,,,MIPEP,,,
,,,,,,,,,,,,,ATXN3,,,
,,,,,,,,,,,,,MMP2,,,
,,,,,,,,,,,,,ATP5F1EP2,,,
,,,,,,,,,,,,,ALDH6A1,,,
,,,,,,,,,,,,,MPG,,,
,,,,,,,,,,,,,MPST,,,
,,,,,,,,,,,,,MPV17,,,
,,,,,,,,,,,,,PLIN5,,,
,,,,,,,,,,,,,UQCRHL,,,
,,,,,,,,,,,,,MICOS10,,,
,,,,,,,,,,,,,SMIM4,,,
,,,,,,,,,,,,,MTHFD2L,,,
,,,,,,,,,,,,,AKR1B15,,,
,,,,,,,,,,,,,ASS1,,,
,,,,,,,,,,,,,MSRA,,,
,,,,,,,,,,,,,MT3,,,
,,,,,,,,,,,,,MT-ATP6,,,
,,,,,,,,,,,,,MT-ATP8,,,
,,,,,,,,,,,,,MT-CO1,,,
,,,,,,,,,,,,,MT-CO2,,,
,,,,,,,,,,,,,MT-CO3,,,
,,,,,,,,,,,,,MT-CYB,,,
,,,,,,,,,,,,,NUDT1,,,
,,,,,,,,,,,,,MTHFD1,,,
,,,,,,,,,,,,,MTIF2,,,
,,,,,,,,,,,,,MT-ND1,,,
,,,,,,,,,,,,,MT-ND2,,,
,,,,,,,,,,,,,MT-ND3,,,
,,,,,,,,,,,,,MT-ND4,,,
,,,,,,,,,,,,,MT-ND4L,,,
,,,,,,,,,,,,,MT-ND5,,,
,,,,,,,,,,,,,MT-ND6,,,
,,,,,,,,,,,,,MTX1,,,
,,,,,,,,,,,,,MMUT,,,
,,,,,,,,,,,,,MUTYH,,,
,,,,,,,,,,,,,MYOC,,,
,,,,,,,,,,,,,NCBP1,,,
,,,,,,,,,,,,,NDUFA1,,,
,,,,,,,,,,,,,NDUFA2,,,
,,,,,,,,,,,,,NDUFA3,,,
,,,,,,,,,,,,,NDUFA4,,,
,,,,,,,,,,,,,NDUFA5,,,
,,,,,,,,,,,,,NDUFA6,,,
,,,,,,,,,,,,,NDUFA7,,,
,,,,,,,,,,,,,NDUFA8,,,
,,,,,,,,,,,,,NDUFA9,,,
,,,,,,,,,,,,,NDUFA10,,,
,,,,,,,,,,,,,NDUFAB1,,,
,,,,,,,,,,,,,NDUFB1,,,
,,,,,,,,,,,,,NDUFB2,,,
,,,,,,,,,,,,,NDUFB3,,,
,,,,,,,,,,,,,NDUFB4,,,
,,,,,,,,,,,,,NDUFB5,,,
,,,,,,,,,,,,,NDUFB6,,,
,,,,,,,,,,,,,NDUFB7,,,
,,,,,,,,,,,,,NDUFB8,,,
,,,,,,,,,,,,,NDUFB9,,,
,,,,,,,,,,,,,NDUFB10,,,
,,,,,,,,,,,,,NDUFC1,,,
,,,,,,,,,,,,,NDUFC2,,,
,,,,,,,,,,,,,NDUFS1,,,
,,,,,,,,,,,,,NDUFS2,,,
,,,,,,,,,,,,,NDUFS3,,,
,,,,,,,,,,,,,NDUFV1,,,
,,,,,,,,,,,,,NDUFS4,,,
,,,,,,,,,,,,,NDUFS5,,,
,,,,,,,,,,,,,NDUFS6,,,
,,,,,,,,,,,,,NDUFS8,,,
,,,,,,,,,,,,,NDUFV2,,,
,,,,,,,,,,,,,NDUFV3,,,
,,,,,,,,,,,,,NFKB1,,,
,,,,,,,,,,,,,ACO1,,,
,,,,,,,,,,,,,NIT1,,,
,,,,,,,,,,,,,NME4,,,
,,,,,,,,,,,,,NMT1,,,
,,,,,,,,,,,,,NOS1,,,
,,,,,,,,,,,,,ATP2A1,,,
,,,,,,,,,,,,,NPTX1,,,
,,,,,,,,,,,,,SLC11A2,,,
,,,,,,,,,,,,,NRDC,,,
,,,,,,,,,,,,,NRGN,,,
,,,,,,,,,,,,,NTHL1,,,
,,,,,,,,,,,,,NTSR1,,,
,,,,,,,,,,,,,COA5,,,
,,,,,,,,,,,,,OAS1,,,
,,,,,,,,,,,,,CISD2,,,
,,,,,,,,,,,,,OAT,,,
,,,,,,,,,,,,,OGDH,,,
,,,,,,,,,,,,,OGG1,,,
,,,,,,,,,,,,,OPA1,,,
,,,,,,,,,,,,,ATP5F1A,,,
,,,,,,,,,,,,,ACO2,,,
,,,,,,,,,,,,,OTC,,,
,,,,,,,,,,,,,ALDH7A1,,,
,,,,,,,,,,,,,OXA1L,,,
,,,,,,,,,,,,,OXCT1,,,
,,,,,,,,,,,,,P2RX7,,,
,,,,,,,,,,,,,P2RY1,,,
,,,,,,,,,,,,,P4HA1,,,
,,,,,,,,,,,,,RRM2B,,,
,,,,,,,,,,,,,G0S2,,,
,,,,,,,,,,,,,NOX4,,,
,,,,,,,,,,,,,ATP5F1B,,,
,,,,,,,,,,,,,PNPLA8,,,
,,,,,,,,,,,,,PRKN,,,
,,,,,,,,,,,,,DCAF8,,,
,,,,,,,,,,,,,AK3,,,
,,,,,,,,,,,,,ATP5F1C,,,
,,,,,,,,,,,,,PC,,,
,,,,,,,,,,,,,PCCA,,,
,,,,,,,,,,,,,PCCB,,,
,,,,,,,,,,,,,MTERF3,,,
,,,,,,,,,,,,,COQ6,,,
,,,,,,,,,,,,,PRELID3B,,,
,,,,,,,,,,,,,MRPS16,,,
,,,,,,,,,,,,,GLRX2,,,
,,,,,,,,,,,,,MRPS18C,,,
,,,,,,,,,,,,,FIS1,,,
,,,,,,,,,,,,,PAM16,,,
,,,,,,,,,,,,,BOLA1,,,
,,,,,,,,,,,,,GLOD4,,,
,,,,,,,,,,,,,PCK1,,,
,,,,,,,,,,,,,PCK2,,,
,,,,,,,,,,,,,YARS2,,,
,,,,,,,,,,,,,MRPL2,,,
,,,,,,,,,,,,,MRPL4,,,
,,,,,,,,,,,,,TMX2,,,
,,,,,,,,,,,,,NDUFA13,,,
,,,,,,,,,,,,,MRPS7,,,
,,,,,,,,,,,,,TRNT1,,,
,,,,,,,,,,,,,SCCPDH,,,
,,,,,,,,,,,,,ABHD5,,,
,,,,,,,,,,,,,SH3GLB1,,,
,,,,,,,,,,,,,MECR,,,
,,,,,,,,,,,,,NDUFAF1,,,
,,,,,,,,,,,,,TFB1M,,,
,,,,,,,,,,,,,APH1A,,,
,,,,,,,,,,,,,METTL9,,,
,,,,,,,,,,,,,LACTB2,,,
,,,,,,,,,,,,,MRPS2,,,
,,,,,,,,,,,,,COQ4,,,
,,,,,,,,,,,,,CHCHD2,,,
,,,,,,,,,,,,,AADAT,,,
,,,,,,,,,,,,,TACO1,,,
,,,,,,,,,,,,,ACP6,,,
,,,,,,,,,,,,,GLRX5,,,
,,,,,,,,,,,,,COX16,,,
,,,,,,,,,,,,,MTRES1,,,
,,,,,,,,,,,,,MRPL37,,,
,,,,,,,,,,,,,MRPL51,,,
,,,,,,,,,,,,,MRPL30,,,
,,,,,,,,,,,,,MRPL27,,,
,,,,,,,,,,,,,CEND1,,,
,,,,,,,,,,,,,COA4,,,
,,,,,,,,,,,,,ECSIT,,,
,,,,,,,,,,,,,ATP5F1D,,,
,,,,,,,,,,,,,TIMMDC1,,,
,,,,,,,,,,,,,ARMCX1,,,
,,,,,,,,,,,,,SLC25A37,,,
,,,,,,,,,,,,,MRPL35,,,
,,,,,,,,,,,,,NGRN,,,
,,,,,,,,,,,,,MRPS17,,,
,,,,,,,,,,,,,PDE2A,,,
,,,,,,,,,,,,,ATP5F1E,,,
,,,,,,,,,,,,,NOL7,,,
,,,,,,,,,,,,,HEMK1,,,
,,,,,,,,,,,,,TRIAP1,,,
,,,,,,,,,,,,,ATP5PB,,,
,,,,,,,,,,,,,CWC15,,,
,,,,,,,,,,,,,TMEM14C,,,
,,,,,,,,,,,,,MTFP1,,,
,,,,,,,,,,,,,ARMCX3,,,
,,,,,,,,,,,,,CYRIB,,,
,,,,,,,,,,,,,PCF11,,,
,,,,,,,,,,,,,ATP5MC1,,,
,,,,,,,,,,,,,PDHA1,,,
,,,,,,,,,,,,,LIPT1,,,
,,,,,,,,,,,,,METTL13,,,
,,,,,,,,,,,,,PDHA2,,,
,,,,,,,,,,,,,PDHB,,,
,,,,,,,,,,,,,SLC25A39,,,
,,,,,,,,,,,,,PDK1,,,
,,,,,,,,,,,,,PDK2,,,
,,,,,,,,,,,,,MRPL48,,,
,,,,,,,,,,,,,MRPS23,,,
,,,,,,,,,,,,,PDK3,,,
,,,,,,,,,,,,,MRPS33,,,
,,,,,,,,,,,,,PTRH2,,,
,,,,,,,,,,,,,CDK5RAP1,,,
,,,,,,,,,,,,,STYXL1,,,
,,,,,,,,,,,,,PDK4,,,
,,,,,,,,,,,,,MPC1,,,
,,,,,,,,,,,,,ATP5MC2,,,
,,,,,,,,,,,,,ACSL5,,,
,,,,,,,,,,,,,CYB5R1,,,
,,,,,,,,,,,,,WWOX,,,
,,,,,,,,,,,,,ARID4B,,,
,,,,,,,,,,,,,HIGD1B,,,
,,,,,,,,,,,,,TMEM8B,,,
,,,,,,,,,,,,,ATP5MC3,,,
,,,,,,,,,,,,,COQ3,,,
,,,,,,,,,,,,,GATB,,,
,,,,,,,,,,,,,PFDN2,,,
,,,,,,,,,,,,,PFDN4,,,
,,,,,,,,,,,,,ATP5ME,,,
,,,,,,,,,,,,,ATP5PF,,,
,,,,,,,,,,,,,PGR,,,
,,,,,,,,,,,,,PHB1,,,
,,,,,,,,,,,,,SLC25A3,,,
,,,,,,,,,,,,,PHYH,,,
,,,,,,,,,,,,,PI4KB,,,
,,,,,,,,,,,,,PIN4,,,
,,,,,,,,,,,,,PKM,,,
,,,,,,,,,,,,,PLA2G2A,,,
,,,,,,,,,,,,,PLA2G4A,,,
,,,,,,,,,,,,,NUDT9,,,
,,,,,,,,,,,,,ZFYVE1,,,
,,,,,,,,,,,,,PLEC,,,
,,,,,,,,,,,,,PLN,,,
,,,,,,,,,,,,,PMAIP1,,,
,,,,,,,,,,,,,ATP5PO,,,
,,,,,,,,,,,,,ATP7B,,,
,,,,,,,,,,,,,SEPTIN4,,,
,,,,,,,,,,,,,MRPL39,,,
,,,,,,,,,,,,,CYCS,,,
,,,,,,,,,,,,,POLG,,,
,,,,,,,,,,,,,GDAP1,,,
,,,,,,,,,,,,,POLRMT,,,
,,,,,,,,,,,,,PON2,,,
,,,,,,,,,,,,,MRPS21,,,
,,,,,,,,,,,,,POR,,,
,,,,,,,,,,,,,ARMCX6,,,
,,,,,,,,,,,,,MIEF1,,,
,,,,,,,,,,,,,MTRF1L,,,
,,,,,,,,,,,,,MRPL50,,,
,,,,,,,,,,,,,NDUFB11,,,
,,,,,,,,,,,,,DDIT4,,,
,,,,,,,,,,,,,TOMM7,,,
,,,,,,,,,,,,,POU5F1,,,
,,,,,,,,,,,,,NDFIP2,,,
,,,,,,,,,,,,,POU5F1B,,,
,,,,,,,,,,,,,CRLS1,,,
,,,,,,,,,,,,,PDP1,,,
,,,,,,,,,,,,,MARCHF5,,,
,,,,,,,,,,,,,XAF1,,,
,,,,,,,,,,,,,TRIT1,,,
,,,,,,,,,,,,,VPS13C,,,
,,,,,,,,,,,,,CKMT1A,,,
,,,,,,,,,,,,,TEX10,,,
,,,,,,,,,,,,,NSUN2,,,
,,,,,,,,,,,,,AUH,,,
,,,,,,,,,,,,,TTC19,,,
,,,,,,,,,,,,,CHCHD3,,,
,,,,,,,,,,,,,TRMT10C,,,
,,,,,,,,,,,,,ADPRS,,,
,,,,,,,,,,,,,SARS2,,,
,,,,,,,,,,,,,SLC41A3,,,
,,,,,,,,,,,,,MRPL16,,,
,,,,,,,,,,,,,SDHAF2,,,
,,,,,,,,,,,,,TMEM70,,,
,,,,,,,,,,,,,THG1L,,,
,,,,,,,,,,,,,SLC25A38,,,
,,,,,,,,,,,,,SLC35F6,,,
,,,,,,,,,,,,,PPOX,,,
,,,,,,,,,,,,,PINX1,,,
,,,,,,,,,,,,,ACSM5,,,
,,,,,,,,,,,,,OXSM,,,
,,,,,,,,,,,,,MTARC2,,,
,,,,,,,,,,,,,AURKAIP1,,,
,,,,,,,,,,,,,RMND1,,,
,,,,,,,,,,,,,TRMT61B,,,
,,,,,,,,,,,,,PPP1CC,,,
,,,,,,,,,,,,,MCUB,,,
,,,,,,,,,,,,,STX17,,,
,,,,,,,,,,,,,C14orf119,,,
,,,,,,,,,,,,,PTCD3,,,
,,,,,,,,,,,,,MRPL20,,,
,,,,,,,,,,,,,PDPR,,,
,,,,,,,,,,,,,OXR1,,,
,,,,,,,,,,,,,ARGLU1,,,
,,,,,,,,,,,,,HEATR1,,,
,,,,,,,,,,,,,MTPAP,,,
,,,,,,,,,,,,,PPP2CA,,,
,,,,,,,,,,,,,MSTO1,,,
,,,,,,,,,,,,,ARMC1,,,
,,,,,,,,,,,,,DARS2,,,
,,,,,,,,,,,,,MRPS18A,,,
,,,,,,,,,,,,,MRPS10,,,
,,,,,,,,,,,,,RMDN3,,,
,,,,,,,,,,,,,MRM3,,,
,,,,,,,,,,,,,PPP2R1A,,,
,,,,,,,,,,,,,SLC25A36,,,
,,,,,,,,,,,,,PPP2R2B,,,
,,,,,,,,,,,,,ATAD3A,,,
,,,,,,,,,,,,,TMLHE,,,
,,,,,,,,,,,,,EXD2,,,
,,,,,,,,,,,,,UQCC1,,,
,,,,,,,,,,,,,TMEM143,,,
,,,,,,,,,,,,,ECHDC2,,,
,,,,,,,,,,,,,QRSL1,,,
,,,,,,,,,,,,,RHOT1,,,
,,,,,,,,,,,,,FBXW7,,,
,,,,,,,,,,,,,PPP3CA,,,
,,,,,,,,,,,,,RFK,,,
,,,,,,,,,,,,,RSAD1,,,
,,,,,,,,,,,,,AGPAT5,,,
,,,,,,,,,,,,,PPP3CC,,,
,,,,,,,,,,,,,SYNJ2BP,,,
,,,,,,,,,,,,,NIPSNAP3B,,,
,,,,,,,,,,,,,ABHD10,,,
,,,,,,,,,,,,,CHDH,,,
,,,,,,,,,,,,,PPP3R2,,,
,,,,,,,,,,,,,HJURP,,,
,,,,,,,,,,,,,PI4K2A,,,
,,,,,,,,,,,,,PPP6C,,,
,,,,,,,,,,,,,LRRC59,,,
,,,,,,,,,,,,,GDF5-AS1,,,
,,,,,,,,,,,,,NDUFAF7,,,
,,,,,,,,,,,,,PARL,,,
,,,,,,,,,,,,,DHTKD1,,,
,,,,,,,,,,,,,FEM1A,,,
,,,,,,,,,,,,,ENOSF1,,,
,,,,,,,,,,,,,FOXRED1,,,
,,,,,,,,,,,,,AMBRA1,,,
,,,,,,,,,,,,,PRKACA,,,
,,,,,,,,,,,,,MFN1,,,
,,,,,,,,,,,,,TRMU,,,
,,,,,,,,,,,,,IARS2,,,
,,,,,,,,,,,,,CEP72,,,
,,,,,,,,,,,,,DNAJC11,,,
,,,,,,,,,,,,,VPS35,,,
,,,,,,,,,,,,,NAXD,,,
,,,,,,,,,,,,,COA1,,,
,,,,,,,,,,,,,AGK,,,
,,,,,,,,,,,,,OGDHL,,,
,,,,,,,,,,,,,DHX32,,,
,,,,,,,,,,,,,PRKCA,,,
,,,,,,,,,,,,,DDX28,,,
,,,,,,,,,,,,,PRKCD,,,
,,,,,,,,,,,,,ADAP2,,,
,,,,,,,,,,,,,PRKCE,,,
,,,,,,,,,,,,,ADCY10,,,
,,,,,,,,,,,,,SPATA7,,,
,,,,,,,,,,,,,PECR,,,
,,,,,,,,,,,,,CISD1,,,
,,,,,,,,,,,,,PSENEN,,,
,,,,,,,,,,,,,ACOT13,,,
,,,,,,,,,,,,,TMEM126B,,,
,,,,,,,,,,,,,ACSS2,,,
,,,,,,,,,,,,,MAPK1,,,
,,,,,,,,,,,,,MAPK3,,,
,,,,,,,,,,,,,NDUFA12,,,
,,,,,,,,,,,,,RAB5IF,,,
,,,,,,,,,,,,,SLC25A40,,,
,,,,,,,,,,,,,MAPK8,,,
,,,,,,,,,,,,,MAPK9,,,
,,,,,,,,,,,,,MAPK10,,,
,,,,,,,,,,,,,MAP2K1,,,
,,,,,,,,,,,,,MAP2K2,,,
,,,,,,,,,,,,,MTFR1L,,,
,,,,,,,,,,,,,PRODH,,,
,,,,,,,,,,,,,KYAT3,,,
,,,,,,,,,,,,,KLK6,,,
,,,,,,,,,,,,,DIABLO,,,
,,,,,,,,,,,,,ASAH2,,,
,,,,,,,,,,,,,PSEN1,,,
,,,,,,,,,,,,,PSEN2,,,
,,,,,,,,,,,,,TWNK,,,
,,,,,,,,,,,,,TRIM39,,,
,,,,,,,,,,,,,SPHK2,,,
,,,,,,,,,,,,,AGPAT4,,,
,,,,,,,,,,,,,BDH2,,,
,,,,,,,,,,,,,NDUFA4L2,,,
,,,,,,,,,,,,,SPIRE1,,,
,,,,,,,,,,,,,STARD7,,,
,,,,,,,,,,,,,PSMB4,,,
,,,,,,,,,,,,,MCCC1,,,
,,,,,,,,,,,,,CMC2,,,
,,,,,,,,,,,,,ENY2,,,
,,,,,,,,,,,,,MRPS22,,,
,,,,,,,,,,,,,MFF,,,
,,,,,,,,,,,,,NT5M,,,
,,,,,,,,,,,,,WDR93,,,
,,,,,,,,,,,,,TOMM22,,,
,,,,,,,,,,,,,COQ8A,,,
,,,,,,,,,,,,,SDHAF3,,,
,,,,,,,,,,,,,AKR1B10,,,
,,,,,,,,,,,,,COQ9,,,
,,,,,,,,,,,,,CIAPIN1,,,
,,,,,,,,,,,,,RARS2,,,
,,,,,,,,,,,,,PLSCR3,,,
,,,,,,,,,,,,,TIGAR,,,
,,,,,,,,,,,,,PDSS2,,,
,,,,,,,,,,,,,PLAAT1,,,
,,,,,,,,,,,,,LYRM4,,,
,,,,,,,,,,,,,MRPL47,,,
,,,,,,,,,,,,,ADCK1,,,
,,,,,,,,,,,,,PAK5,,,
,,,,,,,,,,,,,SLC44A2,,,
,,,,,,,,,,,,,SMURF1,,,
,,,,,,,,,,,,,ZNFX1,,,
,,,,,,,,,,,,,VARS2,,,
,,,,,,,,,,,,,BAD,,,
,,,,,,,,,,,,,MRS2,,,
,,,,,,,,,,,,,DHFRP1,,,
,,,,,,,,,,,,,ABHD6,,,
,,,,,,,,,,,,,NLN,,,
,,,,,,,,,,,,,AARS2,,,
,,,,,,,,,,,,,MAVS,,,
,,,,,,,,,,,,,MTUS1,,,
,,,,,,,,,,,,,PDP2,,,
,,,,,,,,,,,,,TRMT5,,,
,,,,,,,,,,,,,GPAM,,,
,,,,,,,,,,,,,PTPN1,,,
,,,,,,,,,,,,,BAK1,,,
,,,,,,,,,,,,,CCAR2,,,
,,,,,,,,,,,,,PTS,,,
,,,,,,,,,,,,,BAX,,,
,,,,,,,,,,,,,NGB,,,
,,,,,,,,,,,,,ABCD3,,,
,,,,,,,,,,,,,PXMP2,,,
,,,,,,,,,,,,,PEX5,,,
,,,,,,,,,,,,,PYCR1,,,
,,,,,,,,,,,,,ALDH18A1,,,
,,,,,,,,,,,,,SQOR,,,
,,,,,,,,,,,,,CREBZF,,,
,,,,,,,,,,,,,PRODH2,,,
,,,,,,,,,,,,,QARS1,,,
,,,,,,,,,,,,,BCAT1,,,
,,,,,,,,,,,,,BCAT2,,,
,,,,,,,,,,,,,RAC2,,,
,,,,,,,,,,,,,RAD51,,,
,,,,,,,,,,,,,RAD51C,,,
,,,,,,,,,,,,,RAF1,,,
,,,,,,,,,,,,,RALA,,,
,,,,,,,,,,,,,RAP1GDS1,,,
,,,,,,,,,,,,,BCKDHA,,,
,,,,,,,,,,,,,BCKDHB,,,
,,,,,,,,,,,,,BCL2,,,
,,,,,,,,,,,,,BCL2A1,,,
,,,,,,,,,,,,,BCL2L1,,,
,,,,,,,,,,,,,BCL2L2,,,
,,,,,,,,,,,,,RGS2,,,
,,,,,,,,,,,,,RMRP,,,
,,,,,,,,,,,,,MYG1,,,
,,,,,,,,,,,,,SLC25A19,,,
,,,,,,,,,,,,,RNASEL,,,
,,,,,,,,,,,,,RNF5,,,
,,,,,,,,,,,,,MRPS35,,,
,,,,,,,,,,,,,NIF3L1,,,
,,,,,,,,,,,,,CCDC90B,,,
,,,,,,,,,,,,,FASTKD5,,,
,,,,,,,,,,,,,ELAC2,,,
,,,,,,,,,,,,,GUF1,,,
,,,,,,,,,,,,,ABCE1,,,
,,,,,,,,,,,,,FKBP10,,,
,,,,,,,,,,,,,HIGD1C,,,
,,,,,,,,,,,,,MRPL23,,,
,,,,,,,,,,,,,BCS1L,,,
,,,,,,,,,,,,,MRPL12,,,
,,,,,,,,,,,,,MRPS12,,,
,,,,,,,,,,,,,RPS3,,,
,,,,,,,,,,,,,RPS6KB1,,,
,,,,,,,,,,,,,BDH1,,,
,,,,,,,,,,,,,RPS27A,,,
,,,,,,,,,,,,,RRM1,,,
,,,,,,,,,,,,,RXRA,,,
,,,,,,,,,,,,,BDNF,,,
,,,,,,,,,,,,,S100A1,,,
,,,,,,,,,,,,,ACSM3,,,
,,,,,,,,,,,,,MAPK12,,,
,,,,,,,,,,,,,SCO1,,,
,,,,,,,,,,,,,SCP2,,,
,,,,,,,,,,,,,BID,,,
,,,,,,,,,,,,,BIK,,,
,,,,,,,,,,,,,ABHD4,,,
,,,,,,,,,,,,,MRPL17,,,
,,,,,,,,,,,,,SDHA,,,
,,,,,,,,,,,,,NSUN3,,,
,,,,,,,,,,,,,SDHB,,,
,,,,,,,,,,,,,DUSP21,,,
,,,,,,,,,,,,,SDHC,,,
,,,,,,,,,,,,,SDHD,,,
,,,,,,,,,,,,,XPNPEP3,,,
,,,,,,,,,,,,,MRPS14,,,
,,,,,,,,,,,,,MCUR1,,,
,,,,,,,,,,,,,TP53AIP1,,,
,,,,,,,,,,,,,OXCT2,,,
,,,,,,,,,,,,,PERP,,,
,,,,,,,,,,,,,GOLPH3,,,
,,,,,,,,,,,,,MCCC2,,,
,,,,,,,,,,,,,MOAP1,,,
,,,,,,,,,,,,,NOD2,,,
,,,,,,,,,,,,,IFIH1,,,
,,,,,,,,,,,,,PDF,,,
,,,,,,,,,,,,,OSGEPL1,,,
,,,,,,,,,,,,,TFB2M,,,
,,,,,,,,,,,,,NOC3L,,,
,,,,,,,,,,,,,C15orf62,,,
,,,,,,,,,,,,,HS1BP3,,,
,,,,,,,,,,,,,HIF3A,,,
,,,,,,,,,,,,,SDHAF1,,,
,,,,,,,,,,,,,MRPS25,,,
,,,,,,,,,,,,,SGK1,,,
,,,,,,,,,,,,,TMEM14DP,,,
,,,,,,,,,,,,,TMEM14EP,,,
,,,,,,,,,,,,,SHC1,,,
,,,,,,,,,,,,,STMP1,,,
,,,,,,,,,,,,,SHMT2,,,
,,,,,,,,,,,,,METTL17,,,
,,,,,,,,,,,,,ACBD3,,,
,,,,,,,,,,,,,ATPAF1,,,
,,,,,,,,,,,,,MTARC1,,,
,,,,,,,,,,,,,KLC2,,,
,,,,,,,,,,,,,ETNPPL,,,
,,,,,,,,,,,,,METTL4,,,
,,,,,,,,,,,,,AGXT2,,,
,,,,,,,,,,,,,MRPL14,,,
,,,,,,,,,,,,,MRPS26,,,
,,,,,,,,,,,,,MRPS24,,,
,,,,,,,,,,,,,MRPS15,,,
,,,,,,,,,,,,,MRPS11,,,
,,,,,,,,,,,,,MRPS9,,,
,,,,,,,,,,,,,MRPS6,,,
,,,,,,,,,,,,,MRPS5,,,
,,,,,,,,,,,,,MRPL41,,,
,,,,,,,,,,,,,MRPL40,,,
,,,,,,,,,,,,,MRPL38,,,
,,,,,,,,,,,,,MRPL36,,,
,,,,,,,,,,,,,MRPL34,,,
,,,,,,,,,,,,,MRPL32,,,
,,,,,,,,,,,,,MRPL11,,,
,,,,,,,,,,,,,MRPL9,,,
,,,,,,,,,,,,,MRPL1,,,
,,,,,,,,,,,,,NDRG4,,,
,,,,,,,,,,,,,PINK1,,,
,,,,,,,,,,,,,REEP1,,,
,,,,,,,,,,,,,MRPL44,,,
,,,,,,,,,,,,,NOL6,,,
,,,,,,,,,,,,,TMEM135,,,
,,,,,,,,,,,,,COA7,,,
,,,,,,,,,,,,,SLC8A1,,,
,,,,,,,,,,,,,SLC8A3,,,
,,,,,,,,,,,,,SLC9A1,,,
,,,,,,,,,,,,,SLC25A1,,,
,,,,,,,,,,,,,SLC22A4,,,
,,,,,,,,,,,,,SLIT3,,,
,,,,,,,,,,,,,CAPRIN2,,,
,,,,,,,,,,,,,ANTKMT,,,
,,,,,,,,,,,,,FUNDC2,,,
,,,,,,,,,,,,,MRPS34,,,
,,,,,,,,,,,,,TRAK2,,,
,,,,,,,,,,,,,BNIP1,,,
,,,,,,,,,,,,,SNCA,,,
,,,,,,,,,,,,,BNIP3,,,
,,,,,,,,,,,,,SOD1,,,
,,,,,,,,,,,,,SOD2,,,
,,,,,,,,,,,,,BNIP3L,,,
,,,,,,,,,,,,,SORD,,,
,,,,,,,,,,,,,SOX4,,,
,,,,,,,,,,,,,BOK,,,
,,,,,,,,,,,,,SOX10,,,
,,,,,,,,,,,,,SPARC,,,
,,,,,,,,,,,,,SPG7,,,
,,,,,,,,,,,,,BPHL,,,
,,,,,,,,,,,,,SRC,,,
,,,,,,,,,,,,,BRAF,,,
,,,,,,,,,,,,,SSBP1,,,
,,,,,,,,,,,,,STAR,,,
,,,,,,,,,,,,,HSPA13,,,
,,,,,,,,,,,,,STK11,,,
,,,,,,,,,,,,,STXBP1,,,
,,,,,,,,,,,,,BSG,,,
,,,,,,,,,,,,,SUOX,,,
,,,,,,,,,,,,,SUPV3L1,,,
,,,,,,,,,,,,,ABCC8,,,
,,,,,,,,,,,,,SURF1,,,
,,,,,,,,,,,,,VAMP1,,,
,,,,,,,,,,,,,BTD,,,
,,,,,,,,,,,,,TAT,,,
,,,,,,,,,,,,,TAFAZZIN,,,
,,,,,,,,,,,,,TMBIM6,,,
,,,,,,,,,,,,,TERT,,,
,,,,,,,,,,,,,TFAM,,,
,,,,,,,,,,,,,TFAP2C,,,
,,,,,,,,,,,,,TFAP4,,,
,,,,,,,,,,,,,TFRC,,,
,,,,,,,,,,,,,TGM2,,,
,,,,,,,,,,,,,TH,,,
,,,,,,,,,,,,,TSPO,,,
,,,,,,,,,,,,,THOP1,,,
,,,,,,,,,,,,,C1QBP,,,
,,,,,,,,,,,,,TK2,,,
,,,,,,,,,,,,,TNFRSF1A,,,
,,,,,,,,,,,,,TOP3A,,,
,,,,,,,,,,,,,TP53,,,
,,,,,,,,,,,,,TRAF3,,,
,,,,,,,,,,,,,HSP90B2P,,,
,,,,,,,,,,,,,TST,,,
,,,,,,,,,,,,,D2HGDH,,,
,,,,,,,,,,,,,TUFM,,,
,,,,,,,,,,,,,DNLZ,,,
,,,,,,,,,,,,,C12orf73,,,
,,,,,,,,,,,,,TMEM242,,,
,,,,,,,,,,,,,FAM72A,,,
,,,,,,,,,,,,,TXNRD1,,,
,,,,,,,,,,,,,TYMS,,,
,,,,,,,,,,,,,ACOD1,,,
,,,,,,,,,,,,,UBA52,,,
,,,,,,,,,,,,,UBB,,,
,,,,,,,,,,,,,UBC,,,
,,,,,,,,,,,,,UBA1,,,
,,,,,,,,,,,,,UCP1,,,
,,,,,,,,,,,,,UCP2,,,
,,,,,,,,,,,,,UCP3,,,
,,,,,,,,,,,,,UNG,,,
,,,,,,,,,,,,,UQCRB,,,
,,,,,,,,,,,,,UQCRC1,,,
,,,,,,,,,,,,,UQCRC2,,,
,,,,,,,,,,,,,UQCRFS1,,,
,,,,,,,,,,,,,UQCRH,,,
,,,,,,,,,,,,,UROS,,,
,,,,,,,,,,,,,MRPL49,,,
,,,,,,,,,,,,,VDAC1,,,
,,,,,,,,,,,,,VDAC2,,,
,,,,,,,,,,,,,VDAC3,,,
,,,,,,,,,,,,,VHL,,,
,,,,,,,,,,,,,TRPV1,,,
,,,,,,,,,,,,,VRK2,,,
,,,,,,,,,,,,,XPC,,,
,,,,,,,,,,,,,CSKMT,,,
,,,,,,,,,,,,,XRCC3,,,
,,,,,,,,,,,,,CFAP410,,,
,,,,,,,,,,,,,CA5A,,,
,,,,,,,,,,,,,ZNF205,,,
,,,,,,,,,,,,,ZNF217,,,
,,,,,,,,,,,,,DAP3,,,
,,,,,,,,,,,,,RAB7A,,,
,,,,,,,,,,,,,SLC25A20,,,
,,,,,,,,,,,,,MRPL57,,,
,,,,,,,,,,,,,SECISBP2,,,
,,,,,,,,,,,,,TMEM223,,,
,,,,,,,,,,,,,ATG9A,,,
,,,,,,,,,,,,,FASTKD3,,,
,,,,,,,,,,,,,DCTPP1,,,
,,,,,,,,,,,,,SLC25A23,,,
,,,,,,,,,,,,,UQCC3,,,
,,,,,,,,,,,,,NDUFAF5,,,
,,,,,,,,,,,,,APOO,,,
,,,,,,,,,,,,,CHCHD7,,,
,,,,,,,,,,,,,ALDH5A1,,,
,,,,,,,,,,,,,HSD17B8,,,
,,,,,,,,,,,,,HMGN5,,,
,,,,,,,,,,,,,MAIP1,,,
,,,,,,,,,,,,,ABHD8,,,
,,,,,,,,,,,,,CHPF,,,
,,,,,,,,,,,,,CARS2,,,
,,,,,,,,,,,,,MRPL24,,,
,,,,,,,,,,,,,MUL1,,,
,,,,,,,,,,,,,ACSS3,,,
,,,,,,,,,,,,,NLRX1,,,
,,,,,,,,,,,,,FASTKD1,,,
,,,,,,,,,,,,,RTL10,,,
,,,,,,,,,,,,,QTRT2,,,
,,,,,,,,,,,,,YRDC,,,
,,,,,,,,,,,,,LRRK1,,,
,,,,,,,,,,,,,CCDC51,,,
,,,,,,,,,,,,,NARS2,,,
,,,,,,,,,,,,,TEFM,,,
,,,,,,,,,,,,,ECHDC3,,,
,,,,,,,,,,,,,SLC25A22,,,
,,,,,,,,,,,,,MTERF1,,,
,,,,,,,,,,,,,SUGCT,,,
,,,,,,,,,,,,,PTCD2,,,
,,,,,,,,,,,,,AGMAT,,,
,,,,,,,,,,,,,METTL8,,,
,,,,,,,,,,,,,FAM124B,,,
,,,,,,,,,,,,,RBFA,,,
,,,,,,,,,,,,,TUSC3,,,
,,,,,,,,,,,,,MRM1,,,
,,,,,,,,,,,,,COQ8B,,,
,,,,,,,,,,,,,L2HGDH,,,
,,,,,,,,,,,,,TRMT2B,,,
,,,,,,,,,,,,,C10orf88,,,
,,,,,,,,,,,,,DGLUCY,,,
,,,,,,,,,,,,,SLC8B1,,,
,,,,,,,,,,,,,PANK2,,,
,,,,,,,,,,,,,PIF1,,,
,,,,,,,,,,,,,PTGES2,,,
,,,,,,,,,,,,,MYO19,,,
,,,,,,,,,,,,,HKDC1,,,
,,,,,,,,,,,,,OPA3,,,
,,,,,,,,,,,,,COQ10B,,,
,,,,,,,,,,,,,ACSF2,,,
,,,,,,,,,,,,,TARS2,,,
,,,,,,,,,,,,,NUBPL,,,
,,,,,,,,,,,,,WDR26,,,
,,,,,,,,,,,,,GRPEL1,,,
,,,,,,,,,,,,,MTERF2,,,
,,,,,,,,,,,,,EFHD1,,,
,,,,,,,,,,,,,FLAD1,,,
,,,,,,,,,,,,,SPHKAP,,,
,,,,,,,,,,,,,PUS1,,,
,,,,,,,,,,,,,DNAJC5,,,
,,,,,,,,,,,,,SLC25A16,,,
,,,,,,,,,,,,,TRAF3IP3,,,
,,,,,,,,,,,,,COASY,,,
,,,,,,,,,,,,,PDHX,,,
,,,,,,,,,,,,,ACAD10,,,
,,,,,,,,,,,,,IQCN,,,
,,,,,,,,,,,,,TMEM177,,,
,,,,,,,,,,,,,CYB5B,,,
,,,,,,,,,,,,,CALM3,,,
,,,,,,,,,,,,,SLC25A32,,,
,,,,,,,,,,,,,CAMK2A,,,
,,,,,,,,,,,,,RCC1L,,,
,,,,,,,,,,,,,CLPB,,,
,,,,,,,,,,,,,ACSBG2,,,
,,,,,,,,,,,,,MAP1LC3B,,,
,,,,,,,,,,,,,AKAP1,,,
,,,,,,,,,,,,,ISCA1,,,
,,,,,,,,,,,,,TMEM14B,,,
,,,,,,,,,,,,,SFXN3,,,
,,,,,,,,,,,,,FAHD1,,,
,,,,,,,,,,,,,QTRT1,,,
,,,,,,,,,,,,,SLIRP,,,
,,,,,,,,,,,,,SLC25A28,,,
,,,,,,,,,,,,,CLPP,,,
,,,,,,,,,,,,,GATD3,,,
,,,,,,,,,,,,,PNPLA4,,,
,,,,,,,,,,,,,CAPN1,,,
,,,,,,,,,,,,,CAPN2,,,
,,,,,,,,,,,,,SNN,,,
,,,,,,,,,,,,,FZD9,,,
,,,,,,,,,,,,,CCDC70,,,
,,,,,,,,,,,,,SLC25A31,,,
,,,,,,,,,,,,,ABHD11,,,
,,,,,,,,,,,,,CASP2,,,
,,,,,,,,,,,,,CCM2,,,
,,,,,,,,,,,,,C19orf12,,,
,,,,,,,,,,,,,ZMIZ2,,,
,,,,,,,,,,,,,SELENOO,,,
,,,,,,,,,,,,,PARP9,,,
,,,,,,,,,,,,,SESN2,,,
,,,,,,,,,,,,,HSDL1,,,
,,,,,,,,,,,,,CASP4,,,
,,,,,,,,,,,,,SLC25A18,,,
,,,,,,,,,,,,,ARMC10,,,
,,,,,,,,,,,,,ATAD3B,,,
,,,,,,,,,,,,,BCO2,,,
,,,,,,,,,,,,,SLC25A2,,,
,,,,,,,,,,,,,IMMP2L,,,
,,,,,,,,,,,,,PLA2G6,,,
,,,,,,,,,,,,,IFI27L2,,,
,,,,,,,,,,,,,SPNS1,,,
,,,,,,,,,,,,,SLC25A11,,,
,,,,,,,,,,,,,PLEKHN1,,,
,,,,,,,,,,,,,ULK1,,,
,,,,,,,,,,,,,CASP8,,,
,,,,,,,,,,,,,ACAD11,,,
,,,,,,,,,,,,,TOMM40L,,,
,,,,,,,,,,,,,USP48,,,
,,,,,,,,,,,,,CASP9,,,
,,,,,,,,,,,,,TMEM126A,,,
,,,,,,,,,,,,,RHBDD1,,,
,,,,,,,,,,,,,BBOX1,,,
,,,,,,,,,,,,,TCHP,,,
,,,,,,,,,,,,,HSDL2,,,
,,,,,,,,,,,,,ALKBH7,,,
,,,,,,,,,,,,,CHCHD5,,,
,,,,,,,,,,,,,CARD19,,,
,,,,,,,,,,,,,NOA1,,,
,,,,,,,,,,,,,COQ5,,,
,,,,,,,,,,,,,SLC25A33,,,
,,,,,,,,,,,,,DNAJC30,,,
,,,,,,,,,,,,,UQCC2,,,
,,,,,,,,,,,,,CHCHD6,,,
,,,,,,,,,,,,,MRPL45,,,
,,,,,,,,,,,,,COA8,,,
,,,,,,,,,,,,,GFM2,,,
,,,,,,,,,,,,,CASQ1,,,
,,,,,,,,,,,,,C15orf48,,,
,,,,,,,,,,,,,GNPAT,,,
,,,,,,,,,,,,,ACSS1,,,
,,,,,,,,,,,,,MRPL43,,,
,,,,,,,,,,,,,TNRC18,,,
,,,,,,,,,,,,,DGAT2,,,
,,,,,,,,,,,,,HINT2,,,
,,,,,,,,,,,,,MCEE,,,
,,,,,,,,,,,,,CAT,,,
,,,,,,,,,,,,,COX4I2,,,
,,,,,,,,,,,,,GTPBP3,,,
,,,,,,,,,,,,,GPT2,,,
,,,,,,,,,,,,,MGARP,,,
,,,,,,,,,,,,,OGT,,,
,,,,,,,,,,,,,USP30,,,
,,,,,,,,,,,,,MPV17L2,,,
,,,,,,,,,,,,,PYROXD2,,,
,,,,,,,,,,,,,RTN4IP1,,,
,,,,,,,,,,,,,ATP5MK,,,
,,,,,,,,,,,,,HPDL,,,
,,,,,,,,,,,,,CBR4,,,
,,,,,,,,,,,,,RPUSD4,,,
,,,,,,,,,,,,,AIFM2,,,
,,,,,,,,,,,,,MIGA2,,,
,,,,,,,,,,,,,ATAD1,,,
,,,,,,,,,,,,,CEP89,,,
,,,,,,,,,,,,,SERAC1,,,
,,,,,,,,,,,,,ATG4D,,,
,,,,,,,,,,,,,COX14,,,
,,,,,,,,,,,,,PHYKPL,,,
,,,,,,,,,,,,,PARG,,,
,,,,,,,,,,,,,NIPSNAP1,,,
,,,,,,,,,,,,,LIPF,,,
,,,,,,,,,,,,,HAT1,,,
,,,,,,,,,,,,,ATCAY,,,
,,,,,,,,,,,,,LGALS12,,,
,,,,,,,,,,,,,AGPS,,,
,,,,,,,,,,,,,CABS1,,,
,,,,,,,,,,,,,AP3B1,,,
,,,,,,,,,,,,,GFM1,,,
,,,,,,,,,,,,,DEGS1,,,
,,,,,,,,,,,,,KMO,,,
,,,,,,,,,,,,,GTPBP10,,,
,,,,,,,,,,,,,SLC25A12,,,
,,,,,,,,,,,,,PLA2G4C,,,
,,,,,,,,,,,,,RNASET2,,,
,,,,,,,,,,,,,DYNLL1,,,
,,,,,,,,,,,,,ALDH4A1,,,
,,,,,,,,,,,,,BECN1,,,
,,,,,,,,,,,,,S1PR4,,,
,,,,,,,,,,,,,PNPT1,,,
,,,,,,,,,,,,,URI1,,,
,,,,,,,,,,,,,GPAA1,,,
,,,,,,,,,,,,,RIPK1,,,
,,,,,,,,,,,,,HRK,,,
,,,,,,,,,,,,,CDS2,,,
,,,,,,,,,,,,,SNAP23,,,
,,,,,,,,,,,,,NAPG,,,
,,,,,,,,,,,,,PEX11B,,,
,,,,,,,,,,,,,SUCLG2,,,
,,,,,,,,,,,,,SUCLG1,,,
,,,,,,,,,,,,,SUCLA2,,,
,,,,,,,,,,,,,TRIM24,,,
,,,,,,,,,,,,,NRP1,,,
,,,,,,,,,,,,,KYAT1,,,
,,,,,,,,,,,,,TMEM11,,,
,,,,,,,,,,,,,CCN6,,,
,,,,,,,,,,,,,ALKBH1,,,
,,,,,,,,,,,,,SQSTM1,,,
,,,,,,,,,,,,,CPNE3,,,
,,,,,,,,,,,,,CCNB1,,,
,,,,,,,,,,,,,RAB29,,,
,,,,,,,,,,,,,WASF1,,,
,,,,,,,,,,,,,KYNU,,,
,,,,,,,,,,,,,ARHGAP11B,,,
,,,,,,,,,,,,,SLC25A21,,,
,,,,,,,,,,,,,CFAP91,,,
,,,,,,,,,,,,,FATE1,,,
,,,,,,,,,,,,,RHOT2,,,
,,,,,,,,,,,,,NOL3,,,
,,,,,,,,,,,,,HAP1,,,
,,,,,,,,,,,,,SLC25A14,,,
,,,,,,,,,,,,,HIP1R,,,
,,,,,,,,,,,,,FAM110B,,,
,,,,,,,,,,,,,BMF,,,
,,,,,,,,,,,,,GADD45GIP1,,,
,,,,,,,,,,,,,STPG1,,,
,,,,,,,,,,,,,NFS1,,,
,,,,,,,,,,,,,MCU,,,
,,,,,,,,,,,,,TIMM29,,,
,,,,,,,,,,,,,LYRM7,,,
,,,,,,,,,,,,,STARD13,,,
,,,,,,,,,,,,,COX19,,,
,,,,,,,,,,,,,DMAC1,,,
,,,,,,,,,,,,,DNAJA3,,,
,,,,,,,,,,,,,SLC25A46,,,
,,,,,,,,,,,,,AIFM1,,,
,,,,,,,,,,,,,ATP23,,,
,,,,,,,,,,,,,RNF185,,,
,,,,,,,,,,,,,RSAD2,,,
,,,,,,,,,,,,,MTRFR,,,
,,,,,,,,,,,,,FIBP,,,
,,,,,,,,,,,,,ATPAF2,,,
,,,,,,,,,,,,,COX7A2L,,,
,,,,,,,,,,,,,SMDT1,,,
,,,,,,,,,,,,,MYOM2,,,
,,,,,,,,,,,,,TTC5,,,
,,,,,,,,,,,,,DDX21,,,
,,,,,,,,,,,,,NDUFAF2,,,
,,,,,,,,,,,,,SLC25A51,,,
,,,,,,,,,,,,,MTG1,,,
,,,,,,,,,,,,,MRPS36,,,
,,,,,,,,,,,,,GLYATL1,,,
,,,,,,,,,,,,,TBRG4,,,
,,,,,,,,,,,,,MRRF,,,
,,,,,,,,,,,,,LDHAL6B,,,
,,,,,,,,,,,,,TSPOAP1,,,
,,,,,,,,,,,,,MFHAS1,,,
,,,,,,,,,,,,,TIMM50,,,
,,,,,,,,,,,,,MGME1,,,
,,,,,,,,,,,,,MARS2,,,
,,,,,,,,,,,,,COQ10A,,,
,,,,,,,,,,,,,GTF3C4,,,
,,,,,,,,,,,,,MYL10,,,
,,,,,,,,,,,,,LONP1,,,
,,,,,,,,,,,,,COX5A,,,
,,,,,,,,,,,,,SLC22A14,,,
,,,,,,,,,,,,,ATP5IF1,,,
,,,,,,,,,,,,,FTMT,,,
,,,,,,,,,,,,,SFXN1,,,
,,,,,,,,,,,,,SFXN5,,,
,,,,,,,,,,,,,ABCG2,,,
,,,,,,,,,,,,,AIM2,,,
,,,,,,,,,,,,,SH3BP5,,,
,,,,,,,,,,,,,MAPK8IP1,,,
,,,,,,,,,,,,,SLC25A27,,,
,,,,,,,,,,,,,PGS1,,,
,,,,,,,,,,,,,PAGE4,,,
,,,,,,,,,,,,,PMPCB,,,
,,,,,,,,,,,,,BAG5,,,
,,,,,,,,,,,,,ATP5MF,,,
,,,,,,,,,,,,,MRPL33,,,
,,,,,,,,,,,,,ATP5MJ,,,
,,,,,,,,,,,,,H6PD,,,
,,,,,,,,,,,,,PRDX6,,,
,,,,,,,,,,,,,MTRF1,,,
,,,,,,,,,,,,,ABCG1,,,
,,,,,,,,,,,,,FEZ1,,,
,,,,,,,,,,,,,IKBKE,,,
,,,,,,,,,,,,,MTFR1,,,
,,,,,,,,,,,,,EIF5B,,,
,,,,,,,,,,,,,SLC25A44,,,
,,,,,,,,,,,,,PRORP,,,
,,,,,,,,,,,,,NOS1AP,,,
,,,,,,,,,,,,,RAB11FIP3,,,
,,,,,,,,,,,,,SNPH,,,
,,,,,,,,,,,,,ATG13,,,
,,,,,,,,,,,,,DLGAP5,,,
,,,,,,,,,,,,,MRPL19,,,
,,,,,,,,,,,,,TOMM20,,,
,,,,,,,,,,,,,DELE1,,,
,,,,,,,,,,,,,ARMCX2,,,
,,,,,,,,,,,,,CDK1,,,
,,,,,,,,,,,,,TRIM14,,,
,,,,,,,,,,,,,TOMM70,,,
,,,,,,,,,,,,,MFN2,,,
,,,,,,,,,,,,,EXOG,,,
,,,,,,,,,,,,,AMMECR1,,,
,,,,,,,,,,,,,CDC25C,,,
,,,,,,,,,,,,,USP15,,,
,,,,,,,,,,,,,CASP8AP2,,,
,,,,,,,,,,,,,SCO2,,,
